// Erzeugt von tools/gen_i18n.py - nicht von Hand aendern.
#include "bhed/i18n.h"

#include <cstddef>

namespace bhed::i18n {
namespace {

struct Entry {
    const char* en;
    const char* de;
    const char* zh;
    const char* ja;
};

// Reihenfolge muss der Aufzaehlung Str entsprechen.
const Entry kTable[] = {
    {"BehavEd", "BehavEd", "BehavEd", "BehavEd"},  // AppTitle
    {"Events", "Ereignisse", "\xe4\xba\x8b\xe4\xbb\xb6", "\xe3\x82\xa4\xe3\x83\x99\xe3\x83\xb3\xe3\x83\x88"},  // GroupEvents
    {"Script Flow", "Skriptablauf", "\xe8\x84\x9a\xe6\x9c\xac\xe6\xb5\x81\xe7\xa8\x8b", "\xe3\x82\xb9\xe3\x82\xaf\xe3\x83\xaa\xe3\x83\x97\xe3\x83\x88\xe3\x81\xae\xe6\xb5\x81\xe3\x82\x8c"},  // GroupScriptFlow
    {"Actions", "Aktionen", "\xe6\x93\x8d\xe4\xbd\x9c", "\xe6\x93\x8d\xe4\xbd\x9c"},  // GroupActions
    {"File", "Datei", "\xe6\x96\x87\xe4\xbb\xb6", "\xe3\x83\x95\xe3\x82\xa1\xe3\x82\xa4\xe3\x83\xab"},  // GroupFile
    {"Application", "Programm", "\xe7\xa8\x8b\xe5\xba\x8f", "\xe3\x82\xa2\xe3\x83\x97\xe3\x83\xaa\xe3\x82\xb1\xe3\x83\xbc\xe3\x82\xb7\xe3\x83\xa7\xe3\x83\xb3"},  // GroupApplication
    {"Treeview Options", "Baumansicht", "\xe6\xa0\x91\xe8\xa7\x86\xe5\x9b\xbe\xe9\x80\x89\xe9\xa1\xb9", "\xe3\x83\x84\xe3\x83\xaa\xe3\x83\xbc\xe8\xa1\xa8\xe7\xa4\xba\xe3\x81\xae\xe8\xa8\xad\xe5\xae\x9a"},  // GroupTreeview
    {"Delete", "L\xc3\xb6schen", "\xe5\x88\xa0\xe9\x99\xa4", "\xe5\x89\x8a\xe9\x99\xa4"},  // ActDelete
    {"Duplicate", "Klonen", "\xe5\x85\x8b\xe9\x9a\x86", "\xe8\xa4\x87\xe8\xa3\xbd"},  // ActClone
    {"Copy", "Kopieren", "\xe5\xa4\x8d\xe5\x88\xb6", "\xe3\x82\xb3\xe3\x83\x94\xe3\x83\xbc"},  // ActCopy
    {"Cut", "Ausschneiden", "\xe5\x89\xaa\xe5\x88\x87", "\xe5\x88\x87\xe3\x82\x8a\xe5\x8f\x96\xe3\x82\x8a"},  // ActCut
    {"Paste", "Einf\xc3\xbcgen", "\xe7\xb2\x98\xe8\xb4\xb4", "\xe8\xb2\xbc\xe3\x82\x8a\xe4\xbb\x98\xe3\x81\x91"},  // ActPaste
    {"REM", "Auskommentieren", "\xe6\xb3\xa8\xe9\x87\x8a\xe6\x8e\x89", "\xe3\x82\xb3\xe3\x83\xa1\xe3\x83\xb3\xe3\x83\x88\xe5\x8c\x96"},  // ActRem
    {"Find", "Suchen", "\xe6\x9f\xa5\xe6\x89\xbe", "\xe6\xa4\x9c\xe7\xb4\xa2"},  // ActFind
    {"New", "Neu", "\xe6\x96\xb0\xe5\xbb\xba", "\xe6\x96\xb0\xe8\xa6\x8f"},  // FileNew
    {"Open", "\xc3\x96" "ffnen", "\xe6\x89\x93\xe5\xbc\x80", "\xe9\x96\x8b\xe3\x81\x8f"},  // FileOpen
    {"MRU", "Zuletzt", "\xe6\x9c\x80\xe8\xbf\x91", "\xe6\x9c\x80\xe8\xbf\x91\xe4\xbd\xbf\xe7\x94\xa8"},  // FileMru
    {"Append", "Anh\xc3\xa4ngen", "\xe8\xbf\xbd\xe5\x8a\xa0", "\xe8\xbf\xbd\xe5\x8a\xa0\xe8\xaa\xad\xe3\x81\xbf\xe8\xbe\xbc\xe3\x81\xbf"},  // FileAppend
    {"Save", "Speichern", "\xe4\xbf\x9d\xe5\xad\x98", "\xe4\xbf\x9d\xe5\xad\x98"},  // FileSave
    {"Save as", "Speichern unter", "\xe5\x8f\xa6\xe5\xad\x98\xe4\xb8\xba", "\xe5\x90\x8d\xe5\x89\x8d\xe3\x82\x92\xe4\xbb\x98\xe3\x81\x91\xe3\x81\xa6\xe4\xbf\x9d\xe5\xad\x98"},  // FileSaveAs
    {"Export", "Exportieren", "\xe5\xaf\xbc\xe5\x87\xba", "\xe3\x82\xa8\xe3\x82\xaf\xe3\x82\xb9\xe3\x83\x9d\xe3\x83\xbc\xe3\x83\x88"},  // FileExport
    {"Backup", "Sicherung", "\xe5\xa4\x87\xe4\xbb\xbd", "\xe3\x83\x90\xe3\x83\x83\xe3\x82\xaf\xe3\x82\xa2\xe3\x83\x83\xe3\x83\x97"},  // FileBackup
    {"Restore", "Wiederherstellen", "\xe8\xbf\x98\xe5\x8e\x9f", "\xe5\xbe\xa9\xe5\x85\x83"},  // FileRestore
    {"Prefs", "Einstellungen", "\xe9\xa6\x96\xe9\x80\x89\xe9\xa1\xb9", "\xe8\xa8\xad\xe5\xae\x9a"},  // AppPrefs
    {"About", "\xc3\x9c" "ber", "\xe5\x85\xb3\xe4\xba\x8e", "\xe6\x83\x85\xe5\xa0\xb1"},  // AppAbout
    {"Exit", "Beenden", "\xe9\x80\x80\xe5\x87\xba", "\xe7\xb5\x82\xe4\xba\x86"},  // AppExit
    {"Show Types", "Typen zeigen", "\xe6\x98\xbe\xe7\xa4\xba\xe7\xb1\xbb\xe5\x9e\x8b", "\xe5\x9e\x8b\xe3\x82\x92\xe8\xa1\xa8\xe7\xa4\xba"},  // TreeShowTypes
    {"%g floats", "%g Kommazahlen", "%g \xe6\xb5\xae\xe7\x82\xb9\xe6\x95\xb0", "%g \xe6\xb5\xae\xe5\x8b\x95\xe5\xb0\x8f\xe6\x95\xb0"},  // TreeGFloats
    {"+", "+", "+", "+"},  // TreeExpand
    {"-", "-", "-", "-"},  // TreeCollapse
    {"Fold Macros", "Makros falten", "\xe6\x8a\x98\xe5\x8f\xa0\xe5\xae\x8f", "\xe3\x83\x9e\xe3\x82\xaf\xe3\x83\xad\xe3\x82\x92\xe7\x95\xb3\xe3\x82\x80"},  // TreeFoldMacros
    {"Compile!", "\xc3\x9c" "bersetzen!", "\xe7\xbc\x96\xe8\xaf\x91\xef\xbc\x81", "\xe3\x82\xb3\xe3\x83\xb3\xe3\x83\x91\xe3\x82\xa4\xe3\x83\xab\xef\xbc\x81"},  // Compile
    {"Compiled", "\xc3\x9c" "bersetzt", "\xe5\xb7\xb2\xe7\xbc\x96\xe8\xaf\x91", "\xe3\x82\xb3\xe3\x83\xb3\xe3\x83\x91\xe3\x82\xa4\xe3\x83\xab\xe6\xb8\x88\xe3\x81\xbf"},  // CompileDone
    {"Failed", "Fehler", "\xe5\xa4\xb1\xe8\xb4\xa5", "\xe5\xa4\xb1\xe6\x95\x97"},  // CompileFailedShort
    {"Compiled: %d blocks, %d bytes", "\xc3\x9c" "bersetzt: %d Bl\xc3\xb6" "cke, %d Byte", "\xe5\xb7\xb2\xe7\xbc\x96\xe8\xaf\x91\xef\xbc\x9a%d \xe4\xb8\xaa\xe5\x9d\x97\xef\xbc\x8c%d \xe5\xad\x97\xe8\x8a\x82", "\xe3\x82\xb3\xe3\x83\xb3\xe3\x83\x91\xe3\x82\xa4\xe3\x83\xab\xe5\xae\x8c\xe4\xba\x86: %d \xe3\x83\x96\xe3\x83\xad\xe3\x83\x83\xe3\x82\xaf, %d \xe3\x83\x90\xe3\x82\xa4\xe3\x83\x88"},  // CompileOk
    {"Compile failed", "\xc3\x9c" "bersetzen fehlgeschlagen", "\xe7\xbc\x96\xe8\xaf\x91\xe5\xa4\xb1\xe8\xb4\xa5", "\xe3\x82\xb3\xe3\x83\xb3\xe3\x83\x91\xe3\x82\xa4\xe3\x83\xab\xe3\x81\xab\xe5\xa4\xb1\xe6\x95\x97"},  // CompileFailed
    {"Event editor", "Ereignis-Editor", "\xe4\xba\x8b\xe4\xbb\xb6\xe7\xbc\x96\xe8\xbe\x91\xe5\x99\xa8", "\xe3\x82\xa4\xe3\x83\x99\xe3\x83\xb3\xe3\x83\x88\xe3\x82\xa8\xe3\x83\x87\xe3\x82\xa3\xe3\x82\xbf"},  // EditorTitle
    {"Ok", "Ok", "\xe7\xa1\xae\xe5\xae\x9a", "OK"},  // EditorOk
    {"Cancel", "Abbrechen", "\xe5\x8f\x96\xe6\xb6\x88", "\xe3\x82\xad\xe3\x83\xa3\xe3\x83\xb3\xe3\x82\xbb\xe3\x83\xab"},  // EditorCancel
    {"Re-Evaluate", "Neu auswerten", "\xe9\x87\x8d\xe6\x96\xb0\xe6\xb1\x82\xe5\x80\xbc", "\xe5\x86\x8d\xe8\xa9\x95\xe4\xbe\xa1"},  // EditorReEvaluate
    {"Expr!", "Ausdruck!", "\xe8\xa1\xa8\xe8\xbe\xbe\xe5\xbc\x8f\xef\xbc\x81", "\xe5\xbc\x8f\xef\xbc\x81"},  // EditorExpr
    {"Helper", "Helfer", "\xe5\x8a\xa9\xe6\x89\x8b", "\xe3\x83\x98\xe3\x83\xab\xe3\x83\x91\xe3\x83\xbc"},  // EditorHelper
    {"Revert", "Zur\xc3\xbc" "cknehmen", "\xe8\xbf\x98\xe5\x8e\x9f", "\xe6\x88\xbb\xe3\x81\x99"},  // EditorRevert
    {"Bookmarks", "Lesezeichen", "\xe4\xb9\xa6\xe7\xad\xbe", "\xe3\x83\x96\xe3\x83\x83\xe3\x82\xaf\xe3\x83\x9e\xe3\x83\xbc\xe3\x82\xaf"},  // MenuBookmarks
    {"Toggle bookmark", "Lesezeichen setzen/entfernen", "\xe5\x88\x87\xe6\x8d\xa2\xe4\xb9\xa6\xe7\xad\xbe", "\xe3\x83\x96\xe3\x83\x83\xe3\x82\xaf\xe3\x83\x9e\xe3\x83\xbc\xe3\x82\xaf\xe3\x81\xae\xe5\x88\x87\xe3\x82\x8a\xe6\x9b\xbf\xe3\x81\x88"},  // ActBookmarkToggle
    {"Next bookmark", "N\xc3\xa4" "chstes Lesezeichen", "\xe4\xb8\x8b\xe4\xb8\x80\xe4\xb8\xaa\xe4\xb9\xa6\xe7\xad\xbe", "\xe6\xac\xa1\xe3\x81\xae\xe3\x83\x96\xe3\x83\x83\xe3\x82\xaf\xe3\x83\x9e\xe3\x83\xbc\xe3\x82\xaf"},  // ActBookmarkNext
    {"Previous bookmark", "Voriges Lesezeichen", "\xe4\xb8\x8a\xe4\xb8\x80\xe4\xb8\xaa\xe4\xb9\xa6\xe7\xad\xbe", "\xe5\x89\x8d\xe3\x81\xae\xe3\x83\x96\xe3\x83\x83\xe3\x82\xaf\xe3\x83\x9e\xe3\x83\xbc\xe3\x82\xaf"},  // ActBookmarkPrev
    {"Clear all bookmarks", "Alle Lesezeichen entfernen", "\xe6\xb8\x85\xe9\x99\xa4\xe6\x89\x80\xe6\x9c\x89\xe4\xb9\xa6\xe7\xad\xbe", "\xe3\x81\x99\xe3\x81\xb9\xe3\x81\xa6\xe3\x81\xae\xe3\x83\x96\xe3\x83\x83\xe3\x82\xaf\xe3\x83\x9e\xe3\x83\xbc\xe3\x82\xaf\xe3\x82\x92\xe8\xa7\xa3\xe9\x99\xa4"},  // ActBookmarkClear
    {"No bookmarks set", "Keine Lesezeichen gesetzt", "\xe6\xb2\xa1\xe6\x9c\x89\xe8\xae\xbe\xe7\xbd\xae\xe4\xb9\xa6\xe7\xad\xbe", "\xe3\x83\x96\xe3\x83\x83\xe3\x82\xaf\xe3\x83\x9e\xe3\x83\xbc\xe3\x82\xaf\xe3\x81\x8c\xe3\x81\x82\xe3\x82\x8a\xe3\x81\xbe\xe3\x81\x9b\xe3\x82\x93"},  // MsgNoBookmarks
    {"Change history (margin)", "\xc3\x84nderungsrand", "\xe6\x9b\xb4\xe6\x94\xb9\xe5\x8e\x86\xe5\x8f\xb2\xef\xbc\x88\xe8\xbe\xb9\xe6\xa0\x8f\xef\xbc\x89", "\xe5\xa4\x89\xe6\x9b\xb4\xe5\xb1\xa5\xe6\xad\xb4\xef\xbc\x88\xe4\xbd\x99\xe7\x99\xbd\xef\xbc\x89"},  // ViewChangeHistory
    {"Highlight identical commands", "Gleiche Befehle hervorheben", "\xe9\xab\x98\xe4\xba\xae\xe7\x9b\xb8\xe5\x90\x8c\xe7\x9a\x84\xe5\x91\xbd\xe4\xbb\xa4", "\xe5\x90\x8c\xe3\x81\x98\xe3\x82\xb3\xe3\x83\x9e\xe3\x83\xb3\xe3\x83\x89\xe3\x82\x92\xe5\xbc\xb7\xe8\xaa\xbf"},  // ViewHighlightSame
    {"Faintly marks every command that looks exactly like the selected one - same name, same values. Handy for cameras that are used more than once.", "Markiert schwach jeden Befehl, der genau so aussieht wie der ausgew\xc3\xa4hlte - gleicher Name, gleiche Werte. Praktisch bei Kameras, die mehrfach vorkommen.", "\xe6\xb7\xa1\xe8\x89\xb2\xe6\xa0\x87\xe8\xae\xb0\xe4\xb8\x8e\xe6\x89\x80\xe9\x80\x89\xe5\x91\xbd\xe4\xbb\xa4\xe5\xae\x8c\xe5\x85\xa8\xe7\x9b\xb8\xe5\x90\x8c\xe7\x9a\x84\xe6\x89\x80\xe6\x9c\x89\xe5\x91\xbd\xe4\xbb\xa4\xe3\x80\x82", "\xe9\x81\xb8\xe6\x8a\x9e\xe3\x81\x97\xe3\x81\x9f\xe3\x82\xb3\xe3\x83\x9e\xe3\x83\xb3\xe3\x83\x89\xe3\x81\xa8\xe5\x85\xa8\xe3\x81\x8f\xe5\x90\x8c\xe3\x81\x98\xe3\x82\xb3\xe3\x83\x9e\xe3\x83\xb3\xe3\x83\x89\xe3\x82\x92\xe8\x96\x84\xe3\x81\x8f\xe8\xa1\xa8\xe7\xa4\xba\xe3\x81\x97\xe3\x81\xbe\xe3\x81\x99\xe3\x80\x82"},  // ViewHighlightSameHint
    {"Find similar", "\xc3\x84hnliche suchen", "\xe6\x9f\xa5\xe6\x89\xbe\xe7\x9b\xb8\xe4\xbc\xbc", "\xe9\xa1\x9e\xe4\xbc\xbc\xe3\x82\x92\xe6\xa4\x9c\xe7\xb4\xa2"},  // ActFindSimilar
    {"Every \"%s\"", "Jeder \"%s\"", "\xe6\x89\x80\xe6\x9c\x89 \"%s\"", "\xe3\x81\x99\xe3\x81\xb9\xe3\x81\xa6\xe3\x81\xae \"%s\""},  // FindSimilarAny
    {"Click: toggle bookmark (Ctrl+F2). Orange: changed, not saved - green: changed and saved - blue: back to original", "Klick: Lesezeichen setzen/entfernen (Strg+F2). Orange: ge\xc3\xa4ndert, nicht gespeichert - gr\xc3\xbcn: ge\xc3\xa4ndert und gespeichert - blau: wieder wie beim \xc3\x96" "ffnen", "\xe5\x8d\x95\xe5\x87\xbb\xef\xbc\x9a\xe5\x88\x87\xe6\x8d\xa2\xe4\xb9\xa6\xe7\xad\xbe (Ctrl+F2)\xe3\x80\x82\xe6\xa9\x99\xe8\x89\xb2\xef\xbc\x9a\xe5\xb7\xb2\xe6\x9b\xb4\xe6\x94\xb9\xe6\x9c\xaa\xe4\xbf\x9d\xe5\xad\x98 - \xe7\xbb\xbf\xe8\x89\xb2\xef\xbc\x9a\xe5\xb7\xb2\xe6\x9b\xb4\xe6\x94\xb9\xe5\xb9\xb6\xe4\xbf\x9d\xe5\xad\x98 - \xe8\x93\x9d\xe8\x89\xb2\xef\xbc\x9a\xe6\x81\xa2\xe5\xa4\x8d\xe4\xb8\xba\xe5\x8e\x9f\xe5\xa7\x8b", "\xe3\x82\xaf\xe3\x83\xaa\xe3\x83\x83\xe3\x82\xaf\xef\xbc\x9a\xe3\x83\x96\xe3\x83\x83\xe3\x82\xaf\xe3\x83\x9e\xe3\x83\xbc\xe3\x82\xaf\xe3\x81\xae\xe5\x88\x87\xe3\x82\x8a\xe6\x9b\xbf\xe3\x81\x88 (Ctrl+F2)\xe3\x80\x82\xe3\x82\xaa\xe3\x83\xac\xe3\x83\xb3\xe3\x82\xb8\xef\xbc\x9a\xe5\xa4\x89\xe6\x9b\xb4\xe3\x83\xbb\xe6\x9c\xaa\xe4\xbf\x9d\xe5\xad\x98 - \xe7\xb7\x91\xef\xbc\x9a\xe5\xa4\x89\xe6\x9b\xb4\xe3\x83\xbb\xe4\xbf\x9d\xe5\xad\x98\xe6\xb8\x88\xe3\x81\xbf - \xe9\x9d\x92\xef\xbc\x9a\xe5\x85\x83\xe3\x81\xab\xe6\x88\xbb\xe3\x81\xa3\xe3\x81\x9f"},  // HintGutter
    {"...", "...", "...", "..."},  // EditorBrowse
    {"Do", "Abspielen", "\xe6\x92\xad\xe6\x94\xbe", "\xe5\x86\x8d\xe7\x94\x9f"},  // EditorPlay
    {"Get", "Get", "Get", "Get"},  // EditorGet
    {"Tag", "Tag", "Tag", "Tag"},  // EditorTag
    {"Rnd", "Rnd", "Rnd", "Rnd"},  // EditorRnd
    {".... range ....", ".... Bereich ....", "\xe2\x80\xa6\xe2\x80\xa6 \xe8\x8c\x83\xe5\x9b\xb4 \xe2\x80\xa6\xe2\x80\xa6", "\xe2\x80\xa6\xe2\x80\xa6 \xe7\xaf\x84\xe5\x9b\xb2 \xe2\x80\xa6\xe2\x80\xa6"},  // EditorRange
    {"no help comment available", "keine Hilfe vorhanden", "\xe6\x97\xa0\xe5\x8f\xaf\xe7\x94\xa8\xe5\xb8\xae\xe5\x8a\xa9", "\xe3\x83\x98\xe3\x83\xab\xe3\x83\x97\xe3\x81\xaf\xe3\x81\x82\xe3\x82\x8a\xe3\x81\xbe\xe3\x81\x9b\xe3\x82\x93"},  // EditorNoHelp
    {"..... was", "..... war", "\xe2\x80\xa6\xe2\x80\xa6\xe5\x8e\x9f\xe4\xb8\xba", "\xe2\x80\xa6\xe2\x80\xa6\xe5\x85\x83\xe3\x81\xaf"},  // EditorWas
    {"File", "Datei", "\xe6\x96\x87\xe4\xbb\xb6", "\xe3\x83\x95\xe3\x82\xa1\xe3\x82\xa4\xe3\x83\xab"},  // MenuFile
    {"Edit", "Bearbeiten", "\xe7\xbc\x96\xe8\xbe\x91", "\xe7\xb7\xa8\xe9\x9b\x86"},  // MenuEdit
    {"View", "Ansicht", "\xe8\xa1\xa8\xe7\xa4\xba", "\xe8\xa1\xa8\xe7\xa4\xba"},  // MenuView
    {"Undo", "R\xc3\xbc" "ckg\xc3\xa4ngig", "\xe6\x92\xa4\xe9\x94\x80", "\xe5\x85\x83\xe3\x81\xab\xe6\x88\xbb\xe3\x81\x99"},  // EditUndo
    {"Redo", "Wiederholen", "\xe3\x82\x84\xe3\x82\x8a\xe7\x9b\xb4\xe3\x81\x97", "\xe3\x82\x84\xe3\x82\x8a\xe7\x9b\xb4\xe3\x81\x97"},  // EditRedo
    {"Theme", "Farbgebung", "\xe4\xb8\xbb\xe9\xa2\x98", "\xe3\x83\x86\xe3\x83\xbc\xe3\x83\x9e"},  // ViewTheme
    {"Log figures at playhead", "Figuren an der Zeitmarke protokollieren", "\xe8\xae\xb0\xe5\xbd\x95\xe6\x97\xb6\xe9\x97\xb4\xe6\xa0\x87\xe8\xae\xb0\xe5\xa4\x84\xe7\x9a\x84\xe8\xa7\x92\xe8\x89\xb2", "\xe5\x86\x8d\xe7\x94\x9f\xe4\xbd\x8d\xe7\xbd\xae\xe3\x81\xae\xe3\x82\xad\xe3\x83\xa3\xe3\x83\xa9\xe3\x82\xaf\xe3\x82\xbf\xe3\x83\xbc\xe3\x82\x92\xe8\xa8\x98\xe9\x8c\xb2"},  // ViewDumpActors
    {"at the playhead", "an der Zeitmarke", "\xe5\x9c\xa8\xe6\x97\xb6\xe9\x97\xb4\xe6\xa0\x87\xe8\xae\xb0\xe5\xa4\x84", "\xe5\x86\x8d\xe7\x94\x9f\xe4\xbd\x8d\xe7\xbd\xae"},  // MapCamAtPlayhead
    {"Log time per frame", "Zeit je Bild protokollieren", "\xe8\xae\xb0\xe5\xbd\x95\xe6\xaf\x8f\xe5\xb8\xa7\xe8\x80\x97\xe6\x97\xb6", "1\xe3\x83\x95\xe3\x83\xac\xe3\x83\xbc\xe3\x83\xa0\xe3\x81\x82\xe3\x81\x9f\xe3\x82\x8a\xe3\x81\xae\xe6\x99\x82\xe9\x96\x93\xe3\x82\x92\xe8\xa8\x98\xe9\x8c\xb2"},  // ViewFrameCost
    {"Head and torso follow the look target", "Kopf und Oberkoerper folgen dem Blickziel", "\xe5\xa4\xb4\xe9\x83\xa8\xe5\x92\x8c\xe4\xb8\x8a\xe8\xba\xab\xe8\xb7\x9f\xe9\x9a\x8f\xe6\xb3\xa8\xe8\xa7\x86\xe7\x9b\xae\xe6\xa0\x87", "\xe9\xa0\xad\xe3\x81\xa8\xe4\xb8\x8a\xe4\xbd\x93\xe3\x81\x8c\xe6\xb3\xa8\xe8\xa6\x96\xe5\xaf\xbe\xe8\xb1\xa1\xe3\x82\x92\xe8\xbf\xbd\xe3\x81\x86"},  // ViewLookRotation
    {"Off shows the animation alone - the pose without any added turning. If the figure looks right with this off, the added turning is at fault.", "Aus zeigt allein die Animation - die Pose ohne jede zusaetzliche Drehung. Sieht die Figur so richtig aus, liegt es an der Drehung.", "\xe5\x85\xb3\xe9\x97\xad\xe5\x90\x8e\xe4\xbb\x85\xe6\x98\xbe\xe7\xa4\xba\xe5\x8a\xa8\xe7\x94\xbb\xe6\x9c\xac\xe8\xba\xab\xef\xbc\x8c\xe5\x8d\xb3\xe6\x9c\xaa\xe9\x99\x84\xe5\x8a\xa0\xe4\xbb\xbb\xe4\xbd\x95\xe8\xbd\xac\xe5\x8a\xa8\xe7\x9a\x84\xe5\xa7\xbf\xe5\x8a\xbf\xe3\x80\x82\xe8\x8b\xa5\xe6\xad\xa4\xe6\x97\xb6\xe8\xa7\x92\xe8\x89\xb2\xe6\x98\xbe\xe7\xa4\xba\xe6\xad\xa3\xe7\xa1\xae\xef\xbc\x8c\xe5\x88\x99\xe9\x97\xae\xe9\xa2\x98\xe5\x87\xba\xe5\x9c\xa8\xe9\x99\x84\xe5\x8a\xa0\xe8\xbd\xac\xe5\x8a\xa8\xe4\xb8\x8a\xe3\x80\x82", "\xe3\x82\xaa\xe3\x83\x95\xe3\x81\xab\xe3\x81\x99\xe3\x82\x8b\xe3\x81\xa8\xe3\x82\xa2\xe3\x83\x8b\xe3\x83\xa1\xe3\x83\xbc\xe3\x82\xb7\xe3\x83\xa7\xe3\x83\xb3\xe3\x81\xae\xe3\x81\xbf\xe3\x80\x81\xe3\x81\xa4\xe3\x81\xbe\xe3\x82\x8a\xe8\xbf\xbd\xe5\x8a\xa0\xe3\x81\xae\xe5\x9b\x9e\xe8\xbb\xa2\xe3\x81\x8c\xe3\x81\xaa\xe3\x81\x84\xe5\xa7\xbf\xe5\x8b\xa2\xe3\x82\x92\xe8\xa1\xa8\xe7\xa4\xba\xe3\x81\x97\xe3\x81\xbe\xe3\x81\x99\xe3\x80\x82\xe3\x81\x93\xe3\x82\x8c\xe3\x81\xa7\xe6\xad\xa3\xe3\x81\x97\xe3\x81\x8f\xe8\xa6\x8b\xe3\x81\x88\xe3\x82\x8b\xe3\x81\xaa\xe3\x82\x89\xe3\x80\x81\xe5\x8e\x9f\xe5\x9b\xa0\xe3\x81\xaf\xe8\xbf\xbd\xe5\x8a\xa0\xe3\x81\xae\xe5\x9b\x9e\xe8\xbb\xa2\xe3\x81\xa7\xe3\x81\x99\xe3\x80\x82"},  // ViewLookRotationHint
    {"Language", "Sprache", "\xe8\xaf\xad\xe8\xa8\x80", "\xe8\xa8\x80\xe8\xaa\x9e"},  // ViewLanguage
    {"Interface Scale", "Bedienoberfl\xc3\xa4" "che skalieren", "\xe7\x95\x8c\xe9\x9d\xa2\xe7\xbc\xa9\xe6\x94\xbe", "UI \xe3\x81\xae\xe6\x8b\xa1\xe5\xa4\xa7\xe7\x8e\x87"},  // ViewDpiScale
    {"BehavEd Classic", "BehavEd klassisch", "BehavEd \xe7\xbb\x8f\xe5\x85\xb8", "BehavEd \xe3\x82\xaf\xe3\x83\xa9\xe3\x82\xb7\xe3\x83\x83\xe3\x82\xaf"},  // ThemeBehavEdClassic
    {"Windows", "Windows", "Windows", "Windows"},  // ThemeWindows
    {"Dark", "Dunkel", "\xe6\xb7\xb1\xe8\x89\xb2", "\xe3\x83\x80\xe3\x83\xbc\xe3\x82\xaf"},  // ThemeDark
    {"Midnight", "Mitternacht", "\xe5\x8d\x88\xe5\xa4\x9c", "\xe3\x83\x9f\xe3\x83\x83\xe3\x83\x89\xe3\x83\x8a\xe3\x82\xa4\xe3\x83\x88"},  // ThemeMidnight
    {"Light", "Hell", "\xe6\xb5\x85\xe8\x89\xb2", "\xe3\x83\xa9\xe3\x82\xa4\xe3\x83\x88"},  // ThemeLight
    {"High Contrast", "Hoher Kontrast", "\xe9\xab\x98\xe5\xaf\xb9\xe6\xaf\x94\xe5\xba\xa6", "\xe3\x83\x8f\xe3\x82\xa4\xe3\x82\xb3\xe3\x83\xb3\xe3\x83\x88\xe3\x83\xa9\xe3\x82\xb9\xe3\x83\x88"},  // ThemeHighContrast
    {"No script loaded", "Kein Skript geladen", "\xe6\x9c\xaa\xe5\x8a\xa0\xe8\xbd\xbd\xe8\x84\x9a\xe6\x9c\xac", "\xe3\x82\xb9\xe3\x82\xaf\xe3\x83\xaa\xe3\x83\x97\xe3\x83\x88\xe3\x81\x8c\xe8\xaa\xad\xe3\x81\xbf\xe8\xbe\xbc\xe3\x81\xbe\xe3\x82\x8c\xe3\x81\xa6\xe3\x81\x84\xe3\x81\xbe\xe3\x81\x9b\xe3\x82\x93"},  // MsgNoScript
    {"Command model: %d signatures, %d typesets, %d macros", "Befehlsmodell: %d Signaturen, %d Typmengen, %d Makros", "\xe5\x91\xbd\xe4\xbb\xa4\xe6\xa8\xa1\xe5\x9e\x8b\xef\xbc\x9a%d \xe4\xb8\xaa\xe7\xad\xbe\xe5\x90\x8d\xef\xbc\x8c%d \xe4\xb8\xaa\xe7\xb1\xbb\xe5\x9e\x8b\xe9\x9b\x86\xef\xbc\x8c%d \xe4\xb8\xaa\xe5\xae\x8f", "\xe3\x82\xb3\xe3\x83\x9e\xe3\x83\xb3\xe3\x83\x89\xe3\x83\xa2\xe3\x83\x87\xe3\x83\xab: %d \xe3\x82\xb7\xe3\x82\xb0\xe3\x83\x8d\xe3\x83\x81\xe3\x83\xa3, %d \xe5\x9e\x8b\xe9\x9b\x86\xe5\x90\x88, %d \xe3\x83\x9e\xe3\x82\xaf\xe3\x83\xad"},  // MsgModelLoaded
    {"%d errors, %d notes", "%d Fehler, %d Anmerkungen", "%d \xe4\xb8\xaa\xe9\x94\x99\xe8\xaf\xaf\xef\xbc\x8c%d \xe6\x9d\xa1\xe6\x8f\x90\xe7\xa4\xba", "%d \xe4\xbb\xb6\xe3\x81\xae\xe3\x82\xa8\xe3\x83\xa9\xe3\x83\xbc, %d \xe4\xbb\xb6\xe3\x81\xae\xe6\xb3\xa8\xe8\xa8\x98"},  // MsgIssues
    {"unknown", "unbekannt", "\xe6\x9c\xaa\xe7\x9f\xa5", "\xe4\xb8\x8d\xe6\x98\x8e"},  // MsgUnknownValue
    {"Not in the type set. Allowed - mods bring their own values - but far more often a typo.", "Steht nicht in der Typmenge. Erlaubt - Mods bringen eigene Werte mit - aber weit \xc3\xb6" "fter ein Tippfehler.", "\xe4\xb8\x8d\xe5\x9c\xa8\xe7\xb1\xbb\xe5\x9e\x8b\xe9\x9b\x86\xe4\xb8\xad\xe3\x80\x82\xe5\x85\x81\xe8\xae\xb8\xef\xbc\x88\xe6\xa8\xa1\xe7\xbb\x84\xe4\xbc\x9a\xe8\x87\xaa\xe5\xb8\xa6\xe5\x80\xbc\xef\xbc\x89\xef\xbc\x8c\xe4\xbd\x86\xe6\x9b\xb4\xe5\xa4\x9a\xe6\x97\xb6\xe5\x80\x99\xe6\x98\xaf\xe6\x8b\xbc\xe5\x86\x99\xe9\x94\x99\xe8\xaf\xaf\xe3\x80\x82", "\xe5\x9e\x8b\xe3\x82\xbb\xe3\x83\x83\xe3\x83\x88\xe3\x81\xab\xe3\x81\x82\xe3\x82\x8a\xe3\x81\xbe\xe3\x81\x9b\xe3\x82\x93\xe3\x80\x82\xe8\xa8\xb1\xe5\xae\xb9\xe3\x81\x95\xe3\x82\x8c\xe3\x81\xbe\xe3\x81\x99\xef\xbc\x88MOD \xe3\x81\xaf\xe7\x8b\xac\xe8\x87\xaa\xe3\x81\xae\xe5\x80\xa4\xe3\x82\x92\xe6\x8c\x81\xe3\x81\xa1\xe3\x81\xbe\xe3\x81\x99\xef\xbc\x89\xe3\x81\x8c\xe3\x80\x81\xe5\xa4\x9a\xe3\x81\x8f\xe3\x81\xaf\xe3\x82\xbf\xe3\x82\xa4\xe3\x83\x97\xe3\x83\x9f\xe3\x82\xb9\xe3\x81\xa7\xe3\x81\x99\xe3\x80\x82"},  // MsgUnknownValueHint
    {"Current script has unsaved changes.\x0aSave this file first?", "Das aktuelle Skript hat ungespeicherte \xc3\x84nderungen.\x0aZuerst speichern?", "\xe5\xbd\x93\xe5\x89\x8d\xe8\x84\x9a\xe6\x9c\xac\xe6\x9c\x89\xe6\x9c\xaa\xe4\xbf\x9d\xe5\xad\x98\xe7\x9a\x84\xe6\x9b\xb4\xe6\x94\xb9\xe3\x80\x82\x0a\xe5\x85\x88\xe4\xbf\x9d\xe5\xad\x98\xe6\xad\xa4\xe6\x96\x87\xe4\xbb\xb6\xe5\x90\x97\xef\xbc\x9f", "\xe7\x8f\xbe\xe5\x9c\xa8\xe3\x81\xae\xe3\x82\xb9\xe3\x82\xaf\xe3\x83\xaa\xe3\x83\x97\xe3\x83\x88\xe3\x81\xab\xe6\x9c\xaa\xe4\xbf\x9d\xe5\xad\x98\xe3\x81\xae\xe5\xa4\x89\xe6\x9b\xb4\xe3\x81\x8c\xe3\x81\x82\xe3\x82\x8a\xe3\x81\xbe\xe3\x81\x99\xe3\x80\x82\x0a\xe5\x85\x88\xe3\x81\xab\xe4\xbf\x9d\xe5\xad\x98\xe3\x81\x97\xe3\x81\xbe\xe3\x81\x99\xe3\x81\x8b\xef\xbc\x9f"},  // MsgUnsavedChanges
    {"Loaded, %d lines", "Geladen, %d Zeilen", "\xe5\xb7\xb2\xe5\x8a\xa0\xe8\xbd\xbd\xef\xbc\x8c%d \xe8\xa1\x8c", "\xe8\xaa\xad\xe3\x81\xbf\xe8\xbe\xbc\xe3\x81\xbf\xe5\xae\x8c\xe4\xba\x86\xe3\x80\x81%d \xe8\xa1\x8c"},  // MsgLoaded
    {"Saved", "Gespeichert", "\xe5\xb7\xb2\xe4\xbf\x9d\xe5\xad\x98", "\xe4\xbf\x9d\xe5\xad\x98\xe3\x81\x97\xe3\x81\xbe\xe3\x81\x97\xe3\x81\x9f"},  // MsgSaved
    {"Recent files", "Zuletzt ge\xc3\xb6" "ffnet", "\xe6\x9c\x80\xe8\xbf\x91\xe7\x9a\x84\xe6\x96\x87\xe4\xbb\xb6", "\xe6\x9c\x80\xe8\xbf\x91\xe4\xbd\xbf\xe3\x81\xa3\xe3\x81\x9f\xe3\x83\x95\xe3\x82\xa1\xe3\x82\xa4\xe3\x83\xab"},  // MsgRecent
    {"(none)", "(keine)", "\xef\xbc\x88\xe6\x97\xa0\xef\xbc\x89", "\xef\xbc\x88\xe3\x81\xaa\xe3\x81\x97\xef\xbc\x89"},  // MsgNoRecent
    {"Item called", "Element mit Namen", "\xe5\x90\x8d\xe7\xa7\xb0\xe4\xb8\xba", "\xe5\x90\x8d\xe5\x89\x8d\xe3\x81\x8c"},  // FindNamed
    {"Item containing", "Element enth\xc3\xa4lt", "\xe5\x8c\x85\xe5\x90\xab", "\xe6\xac\xa1\xe3\x82\x92\xe5\x90\xab\xe3\x82\x80"},  // FindContains
    {"Whole-string match only", "Nur ganze Zeichenkette", "\xe4\xbb\x85\xe5\xae\x8c\xe5\x85\xa8\xe5\x8c\xb9\xe9\x85\x8d", "\xe5\xae\x8c\xe5\x85\xa8\xe4\xb8\x80\xe8\x87\xb4\xe3\x81\xae\xe3\x81\xbf"},  // FindWhole
    {"Ctrl + mouse wheel also works", "Geht auch mit Strg + Mausrad", "\xe4\xb9\x9f\xe5\x8f\xaf\xe4\xbd\xbf\xe7\x94\xa8 Ctrl + \xe9\xbc\xa0\xe6\xa0\x87\xe6\xbb\x9a\xe8\xbd\xae", "Ctrl + \xe3\x83\x9e\xe3\x82\xa6\xe3\x82\xb9\xe3\x83\x9b\xe3\x82\xa4\xe3\x83\xbc\xe3\x83\xab\xe3\x81\xa7\xe3\x82\x82\xe5\x8f\xaf"},  // ViewScaleHint
    {"Preferences", "Einstellungen", "\xe9\xa6\x96\xe9\x80\x89\xe9\xa1\xb9", "\xe8\xa8\xad\xe5\xae\x9a"},  // PrefsTitle
    {"Directories", "Verzeichnisse", "\xe7\x9b\xae\xe5\xbd\x95", "\xe3\x83\x95\xe3\x82\xa9\xe3\x83\xab\xe3\x83\x80\xe3\x83\xbc"},  // PrefsDirectories
    {"Script Path", "Skriptpfad", "\xe8\x84\x9a\xe6\x9c\xac\xe8\xb7\xaf\xe5\xbe\x84", "\xe3\x82\xb9\xe3\x82\xaf\xe3\x83\xaa\xe3\x83\x97\xe3\x83\x88\xe3\x81\xae\xe3\x83\x91\xe3\x82\xb9"},  // PrefsScriptPath
    {"Location of IBIZE.EXE", "Ort von IBIZE.EXE", "IBIZE.EXE \xe7\x9a\x84\xe4\xbd\x8d\xe7\xbd\xae", "IBIZE.EXE \xe3\x81\xae\xe5\xa0\xb4\xe6\x89\x80"},  // PrefsIbizePath
    {"Command Description File", "Befehlsbeschreibung", "\xe5\x91\xbd\xe4\xbb\xa4\xe6\x8f\x8f\xe8\xbf\xb0\xe6\x96\x87\xe4\xbb\xb6", "\xe3\x82\xb3\xe3\x83\x9e\xe3\x83\xb3\xe3\x83\x89\xe5\xae\x9a\xe7\xbe\xa9\xe3\x83\x95\xe3\x82\xa1\xe3\x82\xa4\xe3\x83\xab"},  // PrefsCommandFile
    {"Source Files Path", "Quelldateien", "\xe6\xba\x90\xe6\x96\x87\xe4\xbb\xb6\xe8\xb7\xaf\xe5\xbe\x84", "\xe3\x82\xbd\xe3\x83\xbc\xe3\x82\xb9\xe3\x83\x95\xe3\x82\xa1\xe3\x82\xa4\xe3\x83\xab\xe3\x81\xae\xe3\x83\x91\xe3\x82\xb9"},  // PrefsSourcePath
    {"Browse...", "Durchsuchen...", "\xe6\xb5\x8f\xe8\xa7\x88\xe2\x80\xa6", "\xe5\x8f\x82\xe7\x85\xa7\xe2\x80\xa6"},  // PrefsBrowse
    {"Re-open last file at startup", "Letzte Datei beim Start \xc3\xb6" "ffnen", "\xe5\x90\xaf\xe5\x8a\xa8\xe6\x97\xb6\xe9\x87\x8d\xe6\x96\xb0\xe6\x89\x93\xe5\xbc\x80\xe4\xb8\x8a\xe6\xac\xa1\xe7\x9a\x84\xe6\x96\x87\xe4\xbb\xb6", "\xe8\xb5\xb7\xe5\x8b\x95\xe6\x99\x82\xe3\x81\xab\xe5\x89\x8d\xe5\x9b\x9e\xe3\x81\xae\xe3\x83\x95\xe3\x82\xa1\xe3\x82\xa4\xe3\x83\xab\xe3\x82\x92\xe9\x96\x8b\xe3\x81\x8f"},  // PrefsReopen
    {"Alpha-sort edit pulldowns", "Klapplisten alphabetisch", "\xe4\xb8\x8b\xe6\x8b\x89\xe5\x88\x97\xe8\xa1\xa8\xe6\x8c\x89\xe5\xad\x97\xe6\xaf\x8d\xe6\x8e\x92\xe5\xba\x8f", "\xe3\x83\x97\xe3\x83\xab\xe3\x83\x80\xe3\x82\xa6\xe3\x83\xb3\xe3\x82\x92\xe4\xba\x94\xe5\x8d\x81\xe9\x9f\xb3\xe9\xa0\x86\xe3\x81\xab"},  // PrefsAlphaSort
    {"Use Alternative Coloured Icons", "Zweiter Farbsatz f\xc3\xbcr Symbole", "\xe4\xbd\xbf\xe7\x94\xa8\xe5\xa4\x87\xe7\x94\xa8\xe9\x85\x8d\xe8\x89\xb2\xe5\x9b\xbe\xe6\xa0\x87", "\xe3\x82\xa2\xe3\x82\xa4\xe3\x82\xb3\xe3\x83\xb3\xe3\x81\xae\xe5\x88\xa5\xe9\x85\x8d\xe8\x89\xb2\xe3\x82\x92\xe4\xbd\xbf\xe3\x81\x86"},  // PrefsAltIcons
    {"Yes/No query on Open/New/Exit", "Nachfragen bei \xc3\x96" "ffnen/Neu/Beenden", "\xe6\x89\x93\xe5\xbc\x80/\xe6\x96\xb0\xe5\xbb\xba/\xe9\x80\x80\xe5\x87\xba\xe6\x97\xb6\xe8\xaf\xa2\xe9\x97\xae", "\xe9\x96\x8b\xe3\x81\x8f\xe3\x83\xbb\xe6\x96\xb0\xe8\xa6\x8f\xe3\x83\xbb\xe7\xb5\x82\xe4\xba\x86\xe6\x99\x82\xe3\x81\xab\xe7\xa2\xba\xe8\xaa\x8d"},  // PrefsQuery
    {"File-Open dialog defaults to last dir", "Dateidialog beim zuletzt benutzten Ordner \xc3\xb6" "ffnen", "\xe6\x96\x87\xe4\xbb\xb6\xe5\xaf\xb9\xe8\xaf\x9d\xe6\xa1\x86\xe9\xbb\x98\xe8\xae\xa4\xe4\xbd\xbf\xe7\x94\xa8\xe4\xb8\x8a\xe6\xac\xa1\xe7\x9a\x84\xe7\x9b\xae\xe5\xbd\x95", "\xe3\x83\x95\xe3\x82\xa1\xe3\x82\xa4\xe3\x83\xab\xe3\x83\x80\xe3\x82\xa4\xe3\x82\xa2\xe3\x83\xad\xe3\x82\xb0\xe3\x81\xaf\xe5\x89\x8d\xe5\x9b\x9e\xe3\x81\xae\xe3\x83\x95\xe3\x82\xa9\xe3\x83\xab\xe3\x83\x80\xe3\x83\xbc\xe3\x82\x92\xe9\x96\x8b\xe3\x81\x8f"},  // PrefsLastDir
    {"Reload command model", "Befehlsmodell neu laden", "\xe9\x87\x8d\xe6\x96\xb0\xe5\x8a\xa0\xe8\xbd\xbd\xe5\x91\xbd\xe4\xbb\xa4\xe6\xa8\xa1\xe5\x9e\x8b", "\xe3\x82\xb3\xe3\x83\x9e\xe3\x83\xb3\xe3\x83\x89\xe3\x83\xa2\xe3\x83\x87\xe3\x83\xab\xe3\x82\x92\xe5\x86\x8d\xe8\xaa\xad\xe3\x81\xbf\xe8\xbe\xbc\xe3\x81\xbf"},  // PrefsReload
    {"The command description file is read on startup and when reloading.", "Die Befehlsbeschreibung wird beim Start und beim Neuladen gelesen.", "\xe5\x91\xbd\xe4\xbb\xa4\xe6\x8f\x8f\xe8\xbf\xb0\xe6\x96\x87\xe4\xbb\xb6\xe5\x9c\xa8\xe5\x90\xaf\xe5\x8a\xa8\xe6\x97\xb6\xe5\x92\x8c\xe9\x87\x8d\xe6\x96\xb0\xe5\x8a\xa0\xe8\xbd\xbd\xe6\x97\xb6\xe8\xaf\xbb\xe5\x8f\x96\xe3\x80\x82", "\xe3\x82\xb3\xe3\x83\x9e\xe3\x83\xb3\xe3\x83\x89\xe5\xae\x9a\xe7\xbe\xa9\xe3\x83\x95\xe3\x82\xa1\xe3\x82\xa4\xe3\x83\xab\xe3\x81\xaf\xe8\xb5\xb7\xe5\x8b\x95\xe6\x99\x82\xe3\x81\xa8\xe5\x86\x8d\xe8\xaa\xad\xe3\x81\xbf\xe8\xbe\xbc\xe3\x81\xbf\xe6\x99\x82\xe3\x81\xab\xe8\xaa\xad\xe3\x81\xbe\xe3\x82\x8c\xe3\x81\xbe\xe3\x81\x99\xe3\x80\x82"},  // PrefsNote
    {"Load map...", "Karte laden...", "\xe5\x8a\xa0\xe8\xbd\xbd\xe5\x9c\xb0\xe5\x9b\xbe\xe2\x80\xa6", "\xe3\x83\x9e\xe3\x83\x83\xe3\x83\x97\xe3\x82\x92\xe8\xaa\xad\xe3\x81\xbf\xe8\xbe\xbc\xe3\x82\x80\xe2\x80\xa6"},  // MapLoad
    {"Close map", "Karte schlie\xc3\x9f" "en", "\xe5\x85\xb3\xe9\x97\xad\xe5\x9c\xb0\xe5\x9b\xbe", "\xe3\x83\x9e\xe3\x83\x83\xe3\x83\x97\xe3\x82\x92\xe9\x96\x89\xe3\x81\x98\xe3\x82\x8b"},  // MapClose
    {"Map: %d entities, %d target names", "Karte: %d Entities, %d Zielnamen", "\xe5\x9c\xb0\xe5\x9b\xbe\xef\xbc\x9a%d \xe4\xb8\xaa\xe5\xae\x9e\xe4\xbd\x93\xef\xbc\x8c%d \xe4\xb8\xaa\xe7\x9b\xae\xe6\xa0\x87\xe5\x90\x8d", "\xe3\x83\x9e\xe3\x83\x83\xe3\x83\x97: %d \xe3\x82\xa8\xe3\x83\xb3\xe3\x83\x86\xe3\x82\xa3\xe3\x83\x86\xe3\x82\xa3, %d \xe3\x82\xbf\xe3\x83\xbc\xe3\x82\xb2\xe3\x83\x83\xe3\x83\x88\xe5\x90\x8d"},  // MapLoaded
    {"From map", "Aus der Karte", "\xe5\x8f\x96\xe8\x87\xaa\xe5\x9c\xb0\xe5\x9b\xbe", "\xe3\x83\x9e\xe3\x83\x83\xe3\x83\x97\xe3\x81\x8b\xe3\x82\x89"},  // MapPick
    {"Browse .pk3...", "In .pk3 bl\xc3\xa4ttern...", "\xe6\xb5\x8f\xe8\xa7\x88 .pk3\xe2\x80\xa6", ".pk3 \xe3\x82\x92\xe5\x8f\x82\xe7\x85\xa7\xe2\x80\xa6"},  // Pk3Browse
    {"Add game folder...", "Spielordner hinzuf\xc3\xbcgen...", "\xe6\xb7\xbb\xe5\x8a\xa0\xe6\xb8\xb8\xe6\x88\x8f\xe7\x9b\xae\xe5\xbd\x95\xe2\x80\xa6", "\xe3\x82\xb2\xe3\x83\xbc\xe3\x83\xa0\xe3\x83\x95\xe3\x82\xa9\xe3\x83\xab\xe3\x83\x80\xe3\x83\xbc\xe3\x82\x92\xe8\xbf\xbd\xe5\x8a\xa0\xe2\x80\xa6"},  // Pk3AddPath
    {"Files in .pk3", "Dateien in .pk3", ".pk3 \xe4\xb8\xad\xe7\x9a\x84\xe6\x96\x87\xe4\xbb\xb6", ".pk3 \xe5\x86\x85\xe3\x81\xae\xe3\x83\x95\xe3\x82\xa1\xe3\x82\xa4\xe3\x83\xab"},  // Pk3Title
    {"Archive", "Archiv", "\xe5\xbd\x92\xe6\xa1\xa3", "\xe3\x82\xa2\xe3\x83\xbc\xe3\x82\xab\xe3\x82\xa4\xe3\x83\x96"},  // Pk3Archive
    {"%d files", "%d Dateien", "%d \xe4\xb8\xaa\xe6\x96\x87\xe4\xbb\xb6", "%d \xe3\x83\x95\xe3\x82\xa1\xe3\x82\xa4\xe3\x83\xab"},  // Pk3ArchiveInfo
    {"All archives", "Alle Archive", "\xe6\x89\x80\xe6\x9c\x89\xe5\xbd\x92\xe6\xa1\xa3", "\xe3\x81\x99\xe3\x81\xb9\xe3\x81\xa6\xe3\x81\xae\xe3\x82\xa2\xe3\x83\xbc\xe3\x82\xab\xe3\x82\xa4\xe3\x83\x96"},  // Pk3AllArchives
    {"Models", "Modelle", "\xe6\xa8\xa1\xe5\x9e\x8b", "\xe3\x83\xa2\xe3\x83\x87\xe3\x83\xab"},  // Pk3Models
    {"Filter", "Filter", "\xe7\xad\x9b\xe9\x80\x89", "\xe7\xb5\x9e\xe3\x82\x8a\xe8\xbe\xbc\xe3\x81\xbf"},  // Pk3Filter
    {"Scripts", "Skripte", "\xe8\x84\x9a\xe6\x9c\xac", "\xe3\x82\xb9\xe3\x82\xaf\xe3\x83\xaa\xe3\x83\x97\xe3\x83\x88"},  // Pk3Scripts
    {"Maps", "Karten", "\xe5\x9c\xb0\xe5\x9b\xbe", "\xe3\x83\x9e\xe3\x83\x83\xe3\x83\x97"},  // Pk3Maps
    {"%d archives, %d files", "%d Archive, %d Dateien", "%d \xe4\xb8\xaa\xe5\xbd\x92\xe6\xa1\xa3\xef\xbc\x8c%d \xe4\xb8\xaa\xe6\x96\x87\xe4\xbb\xb6", "%d \xe5\x80\x8b\xe3\x81\xae\xe3\x82\xa2\xe3\x83\xbc\xe3\x82\xab\xe3\x82\xa4\xe3\x83\x96, %d \xe3\x83\x95\xe3\x82\xa1\xe3\x82\xa4\xe3\x83\xab"},  // Pk3Found
    {"No game folder added yet", "Noch kein Spielordner hinzugef\xc3\xbcgt", "\xe5\xb0\x9a\xe6\x9c\xaa\xe6\xb7\xbb\xe5\x8a\xa0\xe6\xb8\xb8\xe6\x88\x8f\xe7\x9b\xae\xe5\xbd\x95", "\xe3\x82\xb2\xe3\x83\xbc\xe3\x83\xa0\xe3\x83\x95\xe3\x82\xa9\xe3\x83\xab\xe3\x83\x80\xe3\x83\xbc\xe3\x81\x8c\xe6\x9c\xaa\xe8\xbf\xbd\xe5\x8a\xa0"},  // Pk3None
    {"from %s", "aus %s", "\xe6\x9d\xa5\xe8\x87\xaa %s", "%s \xe3\x81\x8b\xe3\x82\x89"},  // Pk3FromArchive
    {"Playing: %s", "Spielt: %s", "\xe6\xad\xa3\xe5\x9c\xa8\xe6\x92\xad\xe6\x94\xbe\xef\xbc\x9a%s", "\xe5\x86\x8d\xe7\x94\x9f\xe4\xb8\xad: %s"},  // SoundPlayed
    {"Sound not found: %s", "Klang nicht gefunden: %s", "\xe6\x9c\xaa\xe6\x89\xbe\xe5\x88\xb0\xe5\xa3\xb0\xe9\x9f\xb3\xef\xbc\x9a%s", "\xe3\x82\xb5\xe3\x82\xa6\xe3\x83\xb3\xe3\x83\x89\xe3\x81\x8c\xe8\xa6\x8b\xe3\x81\xa4\xe3\x81\x8b\xe3\x82\x8a\xe3\x81\xbe\xe3\x81\x9b\xe3\x82\x93: %s"},  // SoundNotFound
    {"No sound device", "Kein Tonger\xc3\xa4t", "\xe6\x97\xa0\xe9\x9f\xb3\xe9\xa2\x91\xe8\xae\xbe\xe5\xa4\x87", "\xe3\x82\xb5\xe3\x82\xa6\xe3\x83\xb3\xe3\x83\x89\xe3\x83\x87\xe3\x83\x90\xe3\x82\xa4\xe3\x82\xb9\xe3\x81\x8c\xe3\x81\x82\xe3\x82\x8a\xe3\x81\xbe\xe3\x81\x9b\xe3\x82\x93"},  // SoundNoDevice
    {"Game folders (.pk3)", "Spielordner (.pk3)", "\xe6\xb8\xb8\xe6\x88\x8f\xe7\x9b\xae\xe5\xbd\x95\xef\xbc\x88.pk3\xef\xbc\x89", "\xe3\x82\xb2\xe3\x83\xbc\xe3\x83\xa0\xe3\x83\x95\xe3\x82\xa9\xe3\x83\xab\xe3\x83\x80\xe3\x83\xbc\xef\xbc\x88.pk3\xef\xbc\x89"},  // PrefsGamePaths
    {"The BOTTOM one wins: it overrides all above it, just as fs_game overrides base in the engine.", "Der UNTERSTE gewinnt: er \xc3\xbc" "berdeckt alle dar\xc3\xbc" "ber, genau wie fs_game in der Engine base \xc3\xbc" "berdeckt.", "\xe6\x8c\x89\xe9\xa1\xba\xe5\xba\x8f\xe8\xaf\xbb\xe5\x8f\x96\xef\xbc\x9b\xe5\x90\x8e\xe9\x9d\xa2\xe7\x9a\x84\xe7\x9b\xae\xe5\xbd\x95\xe8\xa6\x86\xe7\x9b\x96\xe5\x89\x8d\xe9\x9d\xa2\xe7\x9a\x84\xef\xbc\x8c\xe4\xb8\x8e\xe5\xbc\x95\xe6\x93\x8e\xe4\xb8\x80\xe8\x87\xb4\xe3\x80\x82", "\xe9\xa0\x86\xe3\x81\xab\xe8\xaa\xad\xe3\x81\xbf\xe8\xbe\xbc\xe3\x81\xbf\xe3\x80\x81\xe5\xbe\x8c\xe3\x81\xae\xe3\x83\x95\xe3\x82\xa9\xe3\x83\xab\xe3\x83\x80\xe3\x83\xbc\xe3\x81\x8c\xe5\x89\x8d\xe3\x82\x92\xe4\xb8\x8a\xe6\x9b\xb8\xe3\x81\x8d\xe3\x81\x97\xe3\x81\xbe\xe3\x81\x99\xef\xbc\x88\xe3\x82\xa8\xe3\x83\xb3\xe3\x82\xb8\xe3\x83\xb3\xe3\x81\xa8\xe5\x90\x8c\xe3\x81\x98\xef\xbc\x89\xe3\x80\x82"},  // PrefsGamePathsNote
    {"Remove", "Entfernen", "\xe7\xa7\xbb\xe9\x99\xa4", "\xe5\x89\x8a\xe9\x99\xa4"},  // PrefsRemove
    {"wins", "gewinnt", "\xe4\xbc\x98\xe5\x85\x88", "\xe5\x84\xaa\xe5\x85\x88"},  // PrefsWins
    {"no archives found - is the path right?", "keine Archive gefunden - stimmt der Pfad?", "\xe6\x9c\xaa\xe6\x89\xbe\xe5\x88\xb0\xe6\xa1\xa3\xe6\xa1\x88\xe2\x80\x94\xe2\x80\x94\xe8\xb7\xaf\xe5\xbe\x84\xe6\xad\xa3\xe7\xa1\xae\xe5\x90\x97\xef\xbc\x9f", "\xe3\x82\xa2\xe3\x83\xbc\xe3\x82\xab\xe3\x82\xa4\xe3\x83\x96\xe3\x81\x8c\xe8\xa6\x8b\xe3\x81\xa4\xe3\x81\x8b\xe3\x82\x8a\xe3\x81\xbe\xe3\x81\x9b\xe3\x82\x93 \xe2\x80\x94 \xe3\x83\x91\xe3\x82\xb9\xe3\x81\xaf\xe6\xad\xa3\xe3\x81\x97\xe3\x81\x84\xe3\x81\xa7\xe3\x81\x99\xe3\x81\x8b\xef\xbc\x9f"},  // PrefsEmptyPath
    {"Open", "\xc3\x96" "ffnen", "\xe6\x89\x93\xe5\xbc\x80", "\xe9\x96\x8b\xe3\x81\x8f"},  // PrefsOpenFolder
    {"Up", "Hoch", "\xe4\xb8\x8a\xe7\xa7\xbb", "\xe4\xb8\x8a\xe3\x81\xb8"},  // PrefsUp
    {"Down", "Runter", "\xe4\xb8\x8b\xe7\xa7\xbb", "\xe4\xb8\x8b\xe3\x81\xb8"},  // PrefsDown
    {"annotation /*@%s*/ does not match %s", "Annotation /*@%s*/ passt nicht zu %s", "\xe6\xb3\xa8\xe8\xa7\xa3 /*@%s*/ \xe4\xb8\x8e %s \xe4\xb8\x8d\xe5\x8c\xb9\xe9\x85\x8d", "\xe6\xb3\xa8\xe9\x87\x88 /*@%s*/ \xe3\x81\xaf %s \xe3\x81\xa8\xe4\xb8\x80\xe8\x87\xb4\xe3\x81\x97\xe3\x81\xbe\xe3\x81\x9b\xe3\x82\x93"},  // VmsgV002
    {"%s is not in %s (kept unchanged)", "%s steht nicht in %s (bleibt unver\xc3\xa4ndert erhalten)", "%s \xe4\xb8\x8d\xe5\x9c\xa8 %s \xe4\xb8\xad\xef\xbc\x88\xe4\xbf\x9d\xe6\x8c\x81\xe4\xb8\x8d\xe5\x8f\x98\xef\xbc\x89", "%s \xe3\x81\xaf %s \xe3\x81\xab\xe3\x81\x82\xe3\x82\x8a\xe3\x81\xbe\xe3\x81\x9b\xe3\x82\x93\xef\xbc\x88\xe3\x81\x9d\xe3\x81\xae\xe3\x81\xbe\xe3\x81\xbe\xe4\xbf\x9d\xe6\x8c\x81\xef\xbc\x89"},  // VmsgV004
    {"text field without quotes: %s", "Textfeld ohne Anf\xc3\xbchrungszeichen: %s", "\xe6\x96\x87\xe6\x9c\xac\xe5\xad\x97\xe6\xae\xb5\xe7\xbc\xba\xe5\xb0\x91\xe5\xbc\x95\xe5\x8f\xb7\xef\xbc\x9a%s", "\xe5\xbc\x95\xe7\x94\xa8\xe7\xac\xa6\xe3\x81\xae\xe3\x81\xaa\xe3\x81\x84\xe3\x83\x86\xe3\x82\xad\xe3\x82\xb9\xe3\x83\x88\xe9\xa0\x85\xe7\x9b\xae\xef\xbc\x9a%s"},  // VmsgV006
    {"comparison expects = < > !, found: %s", "Vergleich erwartet = < > !, gefunden: %s", "\xe6\xaf\x94\xe8\xbe\x83\xe5\xba\x94\xe4\xb8\xba = < > !\xef\xbc\x8c\xe5\xae\x9e\xe9\x99\x85\xef\xbc\x9a%s", "\xe6\xaf\x94\xe8\xbc\x83\xe3\x81\xaf = < > ! \xe3\x82\x92\xe6\x83\xb3\xe5\xae\x9a\xe3\x80\x81\xe5\xae\x9f\xe9\x9a\x9b\xef\xbc\x9a%s"},  // VmsgV007
    {"command %s is not in the .bhc", "Befehl %s steht nicht in der .bhc", "\xe5\x91\xbd\xe4\xbb\xa4 %s \xe4\xb8\x8d\xe5\x9c\xa8 .bhc \xe4\xb8\xad", "\xe3\x82\xb3\xe3\x83\x9e\xe3\x83\xb3\xe3\x83\x89 %s \xe3\x81\xaf .bhc \xe3\x81\xab\xe3\x81\x82\xe3\x82\x8a\xe3\x81\xbe\xe3\x81\x9b\xe3\x82\x93"},  // VmsgV010
    {"%d command(s) copied", "%d Befehl(e) kopiert", "\xe5\xb7\xb2\xe5\xa4\x8d\xe5\x88\xb6 %d \xe6\x9d\xa1\xe5\x91\xbd\xe4\xbb\xa4", "%d \xe4\xbb\xb6\xe3\x81\xae\xe3\x82\xb3\xe3\x83\x9e\xe3\x83\xb3\xe3\x83\x89\xe3\x82\x92\xe3\x82\xb3\xe3\x83\x94\xe3\x83\xbc\xe3\x81\x97\xe3\x81\xbe\xe3\x81\x97\xe3\x81\x9f"},  // MsgCopied
    {"Already at the end - nothing to do", "Steht schon an letzter Stelle - nichts zu tun", "\xe5\xb7\xb2\xe5\x9c\xa8\xe6\x9c\xab\xe5\xb0\xbe - \xe6\x97\xa0\xe9\x9c\x80\xe6\x93\x8d\xe4\xbd\x9c", "\xe3\x81\x99\xe3\x81\xa7\xe3\x81\xab\xe6\x9c\xab\xe5\xb0\xbe\xe3\x81\xa7\xe3\x81\x99 - \xe4\xbd\x95\xe3\x82\x82\xe3\x81\x97\xe3\x81\xbe\xe3\x81\x9b\xe3\x82\x93"},  // MoveNoEnd
    {"Already at the top - nothing to do", "Steht schon an erster Stelle - nichts zu tun", "\xe5\xb7\xb2\xe5\x9c\xa8\xe5\xbc\x80\xe5\xa4\xb4 - \xe6\x97\xa0\xe9\x9c\x80\xe6\x93\x8d\xe4\xbd\x9c", "\xe3\x81\x99\xe3\x81\xa7\xe3\x81\xab\xe5\x85\x88\xe9\xa0\xad\xe3\x81\xa7\xe3\x81\x99 - \xe4\xbd\x95\xe3\x82\x82\xe3\x81\x97\xe3\x81\xbe\xe3\x81\x9b\xe3\x82\x93"},  // MoveNoTop
    {"Dropped where it already was - nothing to do", "Dort abgelegt, wo er schon stand - nichts zu tun", "\xe6\x94\xbe\xe5\x9b\x9e\xe5\x8e\x9f\xe4\xbd\x8d - \xe6\x97\xa0\xe9\x9c\x80\xe6\x93\x8d\xe4\xbd\x9c", "\xe5\x85\x83\xe3\x81\xae\xe4\xbd\x8d\xe7\xbd\xae\xe3\x81\xab\xe7\xbd\xae\xe3\x81\x8b\xe3\x82\x8c\xe3\x81\xbe\xe3\x81\x97\xe3\x81\x9f - \xe4\xbd\x95\xe3\x82\x82\xe3\x81\x97\xe3\x81\xbe\xe3\x81\x9b\xe3\x82\x93"},  // MoveNoSame
    {"A block cannot go into itself", "Ein Block kann nicht in sich selbst", "\xe5\x9d\x97\xe4\xb8\x8d\xe8\x83\xbd\xe6\x94\xbe\xe5\x85\xa5\xe8\x87\xaa\xe8\xba\xab", "\xe3\x83\x96\xe3\x83\xad\xe3\x83\x83\xe3\x82\xaf\xe3\x81\xaf\xe8\x87\xaa\xe5\x88\x86\xe8\x87\xaa\xe8\xba\xab\xe3\x81\xae\xe4\xb8\xad\xe3\x81\xab\xe3\x81\xaf\xe5\x85\xa5\xe3\x82\x8c\xe3\x82\x89\xe3\x82\x8c\xe3\x81\xbe\xe3\x81\x9b\xe3\x82\x93"},  // MoveNoSelf
    {"Only affect, task, if, else, loop and do can hold commands", "Nur affect, task, if, else, loop und do koennen Befehle aufnehmen", "\xe5\x8f\xaa\xe6\x9c\x89 affect\xe3\x80\x81task\xe3\x80\x81if\xe3\x80\x81" "else\xe3\x80\x81loop \xe5\x92\x8c do \xe5\x8f\xaf\xe4\xbb\xa5\xe5\xae\xb9\xe7\xba\xb3\xe5\x91\xbd\xe4\xbb\xa4", "\xe3\x82\xb3\xe3\x83\x9e\xe3\x83\xb3\xe3\x83\x89\xe3\x82\x92\xe5\x8f\x8e\xe3\x82\x81\xe3\x82\x89\xe3\x82\x8c\xe3\x82\x8b\xe3\x81\xae\xe3\x81\xaf affect\xe3\x80\x81task\xe3\x80\x81if\xe3\x80\x81" "else\xe3\x80\x81loop\xe3\x80\x81" "do \xe3\x81\xa0\xe3\x81\x91\xe3\x81\xa7\xe3\x81\x99"},  // MoveNoBlock
    {"Part of a macro - these commands sit beside it, not inside it", "Teil eines Makros - diese Befehle stehen daneben, nicht darin", "\xe5\xae\x8f\xe7\x9a\x84\xe4\xb8\x80\xe9\x83\xa8\xe5\x88\x86", "\xe3\x83\x9e\xe3\x82\xaf\xe3\x83\xad\xe3\x81\xae\xe4\xb8\x80\xe9\x83\xa8"},  // MacroRowHint
    {"command is not in the .bhc: %s", "Befehl steht nicht in der .bhc: %s", "\xe5\x91\xbd\xe4\xbb\xa4\xe4\xb8\x8d\xe5\x9c\xa8 .bhc \xe4\xb8\xad: %s", "%s \xe3\x81\xaf .bhc \xe3\x81\xab\xe3\x81\xaa\xe3\x81\x84"},  // VmsgV001
    {"annotation /*@ ... */ not understood: %s", "Annotation /*@ ... */ nicht verstanden: %s", "\xe6\xb3\xa8\xe9\x87\x8a /*@ ... */ \xe6\x97\xa0\xe6\xb3\x95\xe8\xaf\x86\xe5\x88\xab: %s", "\xe6\xb3\xa8\xe9\x87\x88 /*@ ... */ \xe4\xb8\x8d\xe6\x98\x8e: %s"},  // VmsgV005
    {"field expects a vector, found: %s", "Feld erwartet Vektor, gefunden: %s", "\xe5\xad\x97\xe6\xae\xb5\xe9\x9c\x80\xe8\xa6\x81\xe5\x90\x91\xe9\x87\x8f\xef\xbc\x8c\xe5\xae\x9e\xe9\x99\x85: %s", "\xe3\x83\x99\xe3\x82\xaf\xe3\x83\x88\xe3\x83\xab\xe3\x82\x92\xe6\x83\xb3\xe5\xae\x9a\xe3\x80\x81\xe5\xae\x9f\xe9\x9a\x9b: %s"},  // VmsgV008
    {"comparison expects = < > !, found: %s", "Vergleich erwartet = < > !, gefunden: %s", "\xe6\xaf\x94\xe8\xbe\x83\xe5\xba\x94\xe4\xb8\xba = < > !\xef\xbc\x8c\xe5\xae\x9e\xe9\x99\x85: %s", "\xe6\xaf\x94\xe8\xbc\x83 = < > ! \xe3\x80\x81\xe5\xae\x9f\xe9\x9a\x9b: %s"},  // VmsgV009
    {"text field without quotes: %s", "Textfeld ohne Anfuehrungszeichen: %s", "\xe6\x96\x87\xe6\x9c\xac\xe5\xad\x97\xe6\xae\xb5\xe7\xbc\xba\xe5\xbc\x95\xe5\x8f\xb7: %s", "\xe5\xbc\x95\xe7\x94\xa8\xe7\xac\xa6\xe3\x81\xaa\xe3\x81\x97: %s"},  // VmsgV011
    {"Debug", "Debug", "\xe8\xb0\x83\xe8\xaf\x95", "\xe3\x83\x87\xe3\x83\x90\xe3\x83\x83\xe3\x82\xb0"},  // MenuDebug
    {"Show layout numbers", "Aufteilung zeigen", "\xe6\x98\xbe\xe7\xa4\xba\xe5\xb8\x83\xe5\xb1\x80\xe6\x95\xb0\xe5\x80\xbc", "\xe3\x83\xac\xe3\x82\xa4\xe3\x82\xa2\xe3\x82\xa6\xe3\x83\x88\xe6\x95\xb0\xe5\x80\xa4\xe3\x82\x92\xe8\xa1\xa8\xe7\xa4\xba"},  // DebugLayout
    {"Layout", "Aufteilung", "\xe5\xb8\x83\xe5\xb1\x80", "\xe3\x83\xac\xe3\x82\xa4\xe3\x82\xa2\xe3\x82\xa6\xe3\x83\x88"},  // DebugLayoutTitle
    {"Write everything to the log", "Alles ins Protokoll schreiben", "\xe5\x86\x99\xe5\x85\xa5\xe6\x97\xa5\xe5\xbf\x97", "\xe3\x81\x99\xe3\x81\xb9\xe3\x81\xa6\xe3\x82\x92\xe3\x83\xad\xe3\x82\xb0\xe3\x81\xab\xe6\x9b\xb8\xe3\x81\x8f"},  // DebugDump
    {"Writes the current layout numbers to behaved-detail.log.", "Schreibt die aktuellen Aufteilungszahlen nach behaved-detail.log.", "\xe5\xb0\x86\xe5\xbd\x93\xe5\x89\x8d\xe5\xb8\x83\xe5\xb1\x80\xe6\x95\xb0\xe5\x80\xbc\xe5\x86\x99\xe5\x85\xa5\xe6\x97\xa5\xe5\xbf\x97\xe3\x80\x82", "\xe7\x8f\xbe\xe5\x9c\xa8\xe3\x81\xae\xe6\x95\xb0\xe5\x80\xa4\xe3\x82\x92\xe3\x83\xad\xe3\x82\xb0\xe3\x81\xab\xe6\x9b\xb8\xe3\x81\x8d\xe3\x81\xbe\xe3\x81\x99\xe3\x80\x82"},  // DebugDumpHint
    {"Restore default layout", "Aufteilung zuruecksetzen", "\xe6\x81\xa2\xe5\xa4\x8d\xe9\xbb\x98\xe8\xae\xa4\xe5\xb8\x83\xe5\xb1\x80", "\xe3\x83\xac\xe3\x82\xa4\xe3\x82\xa2\xe3\x82\xa6\xe3\x83\x88\xe3\x82\x92\xe6\x88\xbb\xe3\x81\x99"},  // DebugReset
    {"Layout restored to defaults", "Aufteilung auf Vorgaben zurueckgesetzt", "\xe5\xb8\x83\xe5\xb1\x80\xe5\xb7\xb2\xe6\x81\xa2\xe5\xa4\x8d", "\xe3\x83\xac\xe3\x82\xa4\xe3\x82\xa2\xe3\x82\xa6\xe3\x83\x88\xe3\x82\x92\xe6\x88\xbb\xe3\x81\x97\xe3\x81\xbe\xe3\x81\x97\xe3\x81\x9f"},  // DebugResetDone
    {"Sets all widths and split positions back to their defaults.", "Setzt alle Breiten und Teilerstellungen auf die Vorgaben zurueck.", "\xe5\xb0\x86\xe6\x89\x80\xe6\x9c\x89\xe5\xae\xbd\xe5\xba\xa6\xe6\x81\xa2\xe5\xa4\x8d\xe4\xb8\xba\xe9\xbb\x98\xe8\xae\xa4\xe5\x80\xbc\xe3\x80\x82", "\xe3\x81\x99\xe3\x81\xb9\xe3\x81\xa6\xe3\x81\xae\xe5\xb9\x85\xe3\x82\x92\xe6\x97\xa2\xe5\xae\x9a\xe5\x80\xa4\xe3\x81\xab\xe6\x88\xbb\xe3\x81\x97\xe3\x81\xbe\xe3\x81\x99\xe3\x80\x82"},  // DebugResetHint
    {"Capture a frame (RenderDoc)", "Bild aufnehmen (RenderDoc)", "\xe6\x8a\x93\xe5\x8f\x96\xe4\xb8\x80\xe5\xb8\xa7 (RenderDoc)", "\xe3\x83\x95\xe3\x83\xac\xe3\x83\xbc\xe3\x83\xa0\xe3\x82\x92\xe5\x8f\x96\xe5\xbe\x97 (RenderDoc)"},  // DebugCapture
    {"Captures the next frame. RenderDoc writes the file itself.", "Nimmt das naechste Bild auf. RenderDoc schreibt die Datei selbst.", "\xe6\x8a\x93\xe5\x8f\x96\xe4\xb8\x8b\xe4\xb8\x80\xe5\xb8\xa7\xe3\x80\x82", "\xe6\xac\xa1\xe3\x81\xae\xe3\x83\x95\xe3\x83\xac\xe3\x83\xbc\xe3\x83\xa0\xe3\x82\x92\xe5\x8f\x96\xe5\xbe\x97\xe3\x81\x97\xe3\x81\xbe\xe3\x81\x99\xe3\x80\x82"},  // DebugCaptureHint
    {"Start behaved FROM RenderDoc - it cannot attach afterwards.", "behaved AUS RenderDoc heraus starten - nachtraeglich geht es nicht.", "\xe8\xaf\xb7\xe4\xbb\x8e RenderDoc \xe5\x90\xaf\xe5\x8a\xa8\xe3\x80\x82", "RenderDoc \xe3\x81\x8b\xe3\x82\x89\xe8\xb5\xb7\xe5\x8b\x95\xe3\x81\x97\xe3\x81\xa6\xe3\x81\x8f\xe3\x81\xa0\xe3\x81\x95\xe3\x81\x84\xe3\x80\x82"},  // DebugNoRenderDoc
    {"The 3D view needs Direct3D 11. It is not available here (OpenGL fallback or a build without D3D) - the software renderer has been removed.", "Die 3D-Ansicht braucht Direct3D 11. Es steht hier nicht zur Verf\xc3\xbcgung (OpenGL-R\xc3\xbc" "ckfall oder ein Bau ohne D3D) - der Software-Zeichner ist entfernt.", "3D \xe8\xa7\x86\xe5\x9b\xbe\xe9\x9c\x80\xe8\xa6\x81 Direct3D 11\xef\xbc\x8c\xe6\xad\xa4\xe5\xa4\x84\xe4\xb8\x8d\xe5\x8f\xaf\xe7\x94\xa8\xe3\x80\x82", "3D \xe8\xa1\xa8\xe7\xa4\xba\xe3\x81\xab\xe3\x81\xaf Direct3D 11 \xe3\x81\x8c\xe5\xbf\x85\xe8\xa6\x81\xe3\x81\xa7\xe3\x81\x99\xe3\x80\x82\xe3\x81\x93\xe3\x81\x93\xe3\x81\xa7\xe3\x81\xaf\xe4\xbd\xbf\xe7\x94\xa8\xe3\x81\xa7\xe3\x81\x8d\xe3\x81\xbe\xe3\x81\x9b\xe3\x82\x93\xe3\x80\x82"},  // MapNeedsD3d
    {"Glow", "Gl\xc3\xbchen", "\xe5\x8f\x91\xe5\x85\x89", "\xe3\x82\xb0\xe3\x83\xad\xe3\x83\xbc"},  // MapGlow
    {"Second pass over the stages marked `glow` in the shader, blurred and laid over the picture. This is what JKA does with r_DynamicGlow; without it lightsabers, consoles, lava and holograms have hard edges instead of blooming.", "Zweiter Durchgang \xc3\xbc" "ber die Stufen mit `glow` im Shader, weichgezeichnet und \xc3\xbc" "ber das Bild gelegt. Genau das macht JKA mit r_DynamicGlow; ohne es haben Lichts\xc3\xa4" "ber, Konsolen, Lava und Hologramme harte Kanten statt zu bl\xc3\xbchen.", "\xe5\xaf\xb9\xe7\x9d\x80\xe8\x91\x97\xe8\x89\xb2\xe5\x99\xa8\xe4\xb8\xad\xe6\xa0\x87\xe8\xae\xb0 `glow` \xe7\x9a\x84\xe9\x98\xb6\xe6\xae\xb5\xe8\xbf\x9b\xe8\xa1\x8c\xe7\xac\xac\xe4\xba\x8c\xe6\xac\xa1\xe6\xb8\xb2\xe6\x9f\x93\xe3\x80\x82", "\xe3\x82\xb7\xe3\x82\xa7\xe3\x83\xbc\xe3\x83\x80\xe3\x83\xbc\xe3\x81\xae `glow` \xe6\xae\xb5\xe9\x9a\x8e\xe3\x82\x92\xe4\xba\x8c\xe5\x9b\x9e\xe7\x9b\xae\xe3\x81\xab\xe6\x8f\x8f\xe7\x94\xbb\xe3\x81\x97\xe3\x81\xbe\xe3\x81\x99\xe3\x80\x82"},  // MapGlowHint
    {"Shadows", "Schatten", "\xe9\x98\xb4\xe5\xbd\xb1", "\xe5\xbd\xb1"},  // MapShadows
    {"Character shadows like the game's cg_shadows: Blob (1) is the round spot under every character, the game's default. Stencil (2) casts the character's real outline as a shadow volume and darkens everything inside it, the character too. Planar (3) presses the character flat and black onto the floor.", "Figurenschatten wie cg_shadows im Spiel: Rund (1) ist der Fleck unter jeder Figur, die Vorgabe des Spiels. Volumen (2) wirft den echten Umriss als Schattenvolumen und dunkelt alles darin ab, auch die Figur selbst. Projiziert (3) dr\xc3\xbc" "ckt die Figur flach und schwarz auf den Boden.", "\xe4\xb8\x8e\xe6\xb8\xb8\xe6\x88\x8f cg_shadows \xe7\x9b\xb8\xe5\x90\x8c\xe7\x9a\x84\xe8\xa7\x92\xe8\x89\xb2\xe9\x98\xb4\xe5\xbd\xb1\xef\xbc\x9a\xe5\x9c\x86\xe5\xbd\xa2(1)\xe4\xb8\xba\xe9\xbb\x98\xe8\xae\xa4\xef\xbc\x9b\xe4\xbd\x93\xe7\xa7\xaf(2)\xe6\x8a\x95\xe5\xb0\x84\xe7\x9c\x9f\xe5\xae\x9e\xe8\xbd\xae\xe5\xbb\x93\xef\xbc\x9b\xe6\x8a\x95\xe5\xbd\xb1(3)\xe6\x8a\x8a\xe8\xa7\x92\xe8\x89\xb2\xe5\x8e\x8b\xe5\xb9\xb3\xe6\x88\x90\xe9\xbb\x91\xe8\x89\xb2\xe6\x8a\x95\xe5\x88\xb0\xe5\x9c\xb0\xe9\x9d\xa2\xe3\x80\x82", "\xe3\x82\xb2\xe3\x83\xbc\xe3\x83\xa0\xe3\x81\xae cg_shadows \xe3\x81\xa8\xe5\x90\x8c\xe3\x81\x98\xe3\x82\xad\xe3\x83\xa3\xe3\x83\xa9\xe3\x82\xaf\xe3\x82\xbf\xe3\x83\xbc\xe3\x81\xae\xe5\xbd\xb1\xef\xbc\x9a\xe4\xb8\xb8(1)\xe3\x81\x8c\xe6\x97\xa2\xe5\xae\x9a\xe3\x80\x81\xe3\x83\x9c\xe3\x83\xaa\xe3\x83\xa5\xe3\x83\xbc\xe3\x83\xa0(2)\xe3\x81\xaf\xe5\xae\x9f\xe9\x9a\x9b\xe3\x81\xae\xe8\xbc\xaa\xe9\x83\xad\xe3\x80\x81\xe6\x8a\x95\xe5\xbd\xb1(3)\xe3\x81\xaf\xe5\xba\x8a\xe3\x81\xab\xe9\xbb\x92\xe3\x81\x8f\xe5\xb9\xb3\xe3\x82\x89\xe3\x81\xab\xe6\x98\xa0\xe3\x81\x97\xe3\x81\xbe\xe3\x81\x99\xe3\x80\x82"},  // MapShadowsHint
    {"Fog", "Nebel", "\xe9\x9b\xbe", "\xe9\x9c\xa7"},  // MapFog
    {"The map's fog volumes and global fog, as the game draws them with r_drawfog 1: walls, floors and characters inside the fog fade into its color with distance.", "Die Nebelvolumen und der globale Nebel der Karte, wie das Spiel sie mit r_drawfog 1 zeichnet: W\xc3\xa4nde, Boden und Figuren im Nebel verschwinden mit der Entfernung in seiner Farbe.", "\xe5\x9c\xb0\xe5\x9b\xbe\xe7\x9a\x84\xe9\x9b\xbe\xe4\xbd\x93\xe7\xa7\xaf\xe5\x92\x8c\xe5\x85\xa8\xe5\xb1\x80\xe9\x9b\xbe\xef\xbc\x8c\xe4\xb8\x8e\xe6\xb8\xb8\xe6\x88\x8f\xe4\xb8\xad r_drawfog 1 \xe7\x9b\xb8\xe5\x90\x8c\xe3\x80\x82", "\xe3\x83\x9e\xe3\x83\x83\xe3\x83\x97\xe3\x81\xae\xe9\x9c\xa7\xe3\x83\x9c\xe3\x83\xaa\xe3\x83\xa5\xe3\x83\xbc\xe3\x83\xa0\xe3\x81\xa8\xe3\x82\xb0\xe3\x83\xad\xe3\x83\xbc\xe3\x83\x90\xe3\x83\xab\xe9\x9c\xa7\xef\xbc\x88\xe3\x82\xb2\xe3\x83\xbc\xe3\x83\xa0\xe3\x81\xae r_drawfog 1 \xe3\x81\xa8\xe5\x90\x8c\xe3\x81\x98\xef\xbc\x89\xe3\x80\x82"},  // MapFogHint
    {"Off", "Aus", "\xe5\x85\xb3", "\xe3\x82\xaa\xe3\x83\x95"},  // MapShadowOff
    {"Blob (1)", "Rund (1)", "\xe5\x9c\x86\xe5\xbd\xa2 (1)", "\xe4\xb8\xb8 (1)"},  // MapShadowBlob
    {"Stencil (2)", "Volumen (2)", "\xe4\xbd\x93\xe7\xa7\xaf (2)", "\xe3\x83\x9c\xe3\x83\xaa\xe3\x83\xa5\xe3\x83\xbc\xe3\x83\xa0 (2)"},  // MapShadowStencil
    {"Planar (3)", "Projiziert (3)", "\xe6\x8a\x95\xe5\xbd\xb1 (3)", "\xe6\x8a\x95\xe5\xbd\xb1 (3)"},  // MapShadowPlanar
    {"Dynamic light", "Dynamisches Licht", "\xe5\x8a\xa8\xe6\x80\x81\xe5\x85\x89", "\xe5\x8b\x95\xe7\x9a\x84\xe3\x83\xa9\xe3\x82\xa4\xe3\x83\x88"},  // MapDynLights
    {"Lightsabers and effect lights light up walls, floors and characters, as in the game with r_dynamiclight 1.", "Lichtschwerter und Effektlichter hellen W\xc3\xa4nde, Boden und Figuren auf, wie im Spiel mit r_dynamiclight 1.", "\xe5\x85\x89\xe5\x89\x91\xe5\x92\x8c\xe7\x89\xb9\xe6\x95\x88\xe5\x85\x89\xe7\x85\xa7\xe4\xba\xae\xe5\xa2\x99\xe5\xa3\x81\xe3\x80\x81\xe5\x9c\xb0\xe9\x9d\xa2\xe5\x92\x8c\xe8\xa7\x92\xe8\x89\xb2\xef\xbc\x8c\xe4\xb8\x8e\xe6\xb8\xb8\xe6\x88\x8f\xe4\xb8\xad r_dynamiclight 1 \xe7\x9b\xb8\xe5\x90\x8c\xe3\x80\x82", "\xe3\x83\xa9\xe3\x82\xa4\xe3\x83\x88\xe3\x82\xbb\xe3\x83\xbc\xe3\x83\x90\xe3\x83\xbc\xe3\x82\x84\xe3\x82\xa8\xe3\x83\x95\xe3\x82\xa7\xe3\x82\xaf\xe3\x83\x88\xe3\x81\xae\xe5\x85\x89\xe3\x81\x8c\xe5\xa3\x81\xe3\x83\xbb\xe5\xba\x8a\xe3\x83\xbb\xe3\x82\xad\xe3\x83\xa3\xe3\x83\xa9\xe3\x82\xaf\xe3\x82\xbf\xe3\x83\xbc\xe3\x82\x92\xe7\x85\xa7\xe3\x82\x89\xe3\x81\x97\xe3\x81\xbe\xe3\x81\x99\xef\xbc\x88\xe3\x82\xb2\xe3\x83\xbc\xe3\x83\xa0\xe3\x81\xae r_dynamiclight 1 \xe3\x81\xa8\xe5\x90\x8c\xe3\x81\x98\xef\xbc\x89\xe3\x80\x82"},  // MapDynLightsHint
    {"Click to list every surface in the detail log", "Klicken: alle Fl\xc3\xa4" "chen ins Detailprotokoll", "\xe7\x82\xb9\xe5\x87\xbb\xef\xbc\x9a\xe5\x88\x97\xe5\x87\xba\xe6\x89\x80\xe6\x9c\x89\xe9\x9d\xa2", "\xe3\x82\xaf\xe3\x83\xaa\xe3\x83\x83\xe3\x82\xaf\xef\xbc\x9a\xe5\x85\xa8\xe3\x82\xb5\xe3\x83\xbc\xe3\x83\x95\xe3\x82\xa7\xe3\x82\xb9"},  // ModelSurfaceDump
    {"Yes", "Ja", "\xe6\x98\xaf", "\xe3\x81\xaf\xe3\x81\x84"},  // AnswerYes
    {"No", "Nein", "\xe5\x90\xa6", "\xe3\x81\x84\xe3\x81\x84\xe3\x81\x88"},  // AnswerNo
    {"Auto-load most recent file: \"%s\"?", "Zuletzt bearbeitete Datei laden: \"%s\"?", "\xe8\x87\xaa\xe5\x8a\xa8\xe5\x8a\xa0\xe8\xbd\xbd\xe6\x9c\x80\xe8\xbf\x91\xe7\x9a\x84\xe6\x96\x87\xe4\xbb\xb6\xef\xbc\x9a\"%s\"\xef\xbc\x9f", "\xe6\x9c\x80\xe8\xbf\x91\xe3\x81\xae\xe3\x83\x95\xe3\x82\xa1\xe3\x82\xa4\xe3\x83\xab\xe3\x82\x92\xe8\x87\xaa\xe5\x8b\x95\xe3\x81\xa7\xe9\x96\x8b\xe3\x81\x8d\xe3\x81\xbe\xe3\x81\x99\xe3\x81\x8b: \"%s\""},  // AskAutoLoad
    {"It appears you didn't exit BehavEd legally last time (crash?)\x0aShould I still try and open your last file \"%s\"?", "BehavEd wurde beim letzten Mal nicht sauber beendet (Absturz?).\x0aSoll die zuletzt bearbeitete Datei \"%s\" trotzdem ge\xc3\xb6" "ffnet werden?", "\xe4\xb8\x8a\xe6\xac\xa1\xe4\xbc\xbc\xe4\xb9\x8e\xe6\xb2\xa1\xe6\x9c\x89\xe6\xad\xa3\xe5\xb8\xb8\xe9\x80\x80\xe5\x87\xba BehavEd\xef\xbc\x88\xe5\xb4\xa9\xe6\xba\x83\xef\xbc\x9f\xef\xbc\x89\x0a\xe4\xbb\x8d\xe8\xa6\x81\xe5\xb0\x9d\xe8\xaf\x95\xe6\x89\x93\xe5\xbc\x80\xe4\xb8\x8a\xe6\xac\xa1\xe7\x9a\x84\xe6\x96\x87\xe4\xbb\xb6 \"%s\" \xe5\x90\x97\xef\xbc\x9f", "\xe5\x89\x8d\xe5\x9b\x9e BehavEd \xe3\x81\x8c\xe6\xad\xa3\xe5\xb8\xb8\xe3\x81\xab\xe7\xb5\x82\xe4\xba\x86\xe3\x81\x97\xe3\x81\xaa\xe3\x81\x8b\xe3\x81\xa3\xe3\x81\x9f\xe3\x82\x88\xe3\x81\x86\xe3\x81\xa7\xe3\x81\x99\xef\xbc\x88\xe3\x82\xaf\xe3\x83\xa9\xe3\x83\x83\xe3\x82\xb7\xe3\x83\xa5\xef\xbc\x9f\xef\xbc\x89\x0a\xe3\x81\x9d\xe3\x82\x8c\xe3\x81\xa7\xe3\x82\x82\xe5\x89\x8d\xe5\x9b\x9e\xe3\x81\xae\xe3\x83\x95\xe3\x82\xa1\xe3\x82\xa4\xe3\x83\xab \"%s\" \xe3\x82\x92\xe9\x96\x8b\xe3\x81\x8d\xe3\x81\xbe\xe3\x81\x99\xe3\x81\x8b\xef\xbc\x9f"},  // AskCrashReopen
    {"The file \"%s\" is write-protected.\x0a" "Do you want me to un-writeprotect it so you can save over it?\x0a('No' will abort the save)", "Die Datei \"%s\" ist schreibgesch\xc3\xbctzt.\x0aSchreibschutz aufheben, damit sie \xc3\xbc" "berschrieben werden kann?\x0a(\"Nein\" bricht das Speichern ab)", "\xe6\x96\x87\xe4\xbb\xb6 \"%s\" \xe6\x98\xaf\xe5\x8f\xaa\xe8\xaf\xbb\xe7\x9a\x84\xe3\x80\x82\x0a\xe8\xa6\x81\xe5\x8f\x96\xe6\xb6\x88\xe5\x8f\xaa\xe8\xaf\xbb\xe4\xbb\xa5\xe4\xbe\xbf\xe8\xa6\x86\xe7\x9b\x96\xe4\xbf\x9d\xe5\xad\x98\xe5\x90\x97\xef\xbc\x9f\x0a\xef\xbc\x88\xe9\x80\x89\"\xe5\x90\xa6\"\xe5\xb0\x86\xe5\x8f\x96\xe6\xb6\x88\xe4\xbf\x9d\xe5\xad\x98\xef\xbc\x89", "\xe3\x83\x95\xe3\x82\xa1\xe3\x82\xa4\xe3\x83\xab \"%s\" \xe3\x81\xaf\xe6\x9b\xb8\xe3\x81\x8d\xe8\xbe\xbc\xe3\x81\xbf\xe7\xa6\x81\xe6\xad\xa2\xe3\x81\xa7\xe3\x81\x99\xe3\x80\x82\x0a\xe4\xb8\x8a\xe6\x9b\xb8\xe3\x81\x8d\xe3\x81\xa7\xe3\x81\x8d\xe3\x82\x8b\xe3\x82\x88\xe3\x81\x86\xe6\x9b\xb8\xe3\x81\x8d\xe8\xbe\xbc\xe3\x81\xbf\xe7\xa6\x81\xe6\xad\xa2\xe3\x82\x92\xe8\xa7\xa3\xe9\x99\xa4\xe3\x81\x97\xe3\x81\xbe\xe3\x81\x99\xe3\x81\x8b\xef\xbc\x9f\x0a\xef\xbc\x88\"\xe3\x81\x84\xe3\x81\x84\xe3\x81\x88\" \xe3\x81\xa7\xe4\xbf\x9d\xe5\xad\x98\xe3\x82\x92\xe4\xb8\xad\xe6\xad\xa2\xef\xbc\x89"},  // AskUnprotect
    {"Expand item and all its children", "Eintrag samt Unterpunkten aufklappen", "\xe5\xb1\x95\xe5\xbc\x80\xe9\xa1\xb9\xe7\x9b\xae\xe5\x8f\x8a\xe5\x85\xb6\xe6\x89\x80\xe6\x9c\x89\xe5\xad\x90\xe9\xa1\xb9", "\xe9\xa0\x85\xe7\x9b\xae\xe3\x81\xa8\xe3\x81\x99\xe3\x81\xb9\xe3\x81\xa6\xe3\x81\xae\xe5\xad\x90\xe9\xa0\x85\xe7\x9b\xae\xe3\x82\x92\xe5\xb1\x95\xe9\x96\x8b"},  // ActExpandNode
    {"Collapse item", "Eintrag zuklappen", "\xe6\x8a\x98\xe5\x8f\xa0\xe9\xa1\xb9\xe7\x9b\xae", "\xe9\xa0\x85\xe7\x9b\xae\xe3\x82\x92\xe6\x8a\x98\xe3\x82\x8a\xe3\x81\x9f\xe3\x81\x9f\xe3\x82\x80"},  // ActCollapseNode
    {"Expand all", "Alles aufklappen", "\xe5\x85\xa8\xe9\x83\xa8\xe5\xb1\x95\xe5\xbc\x80", "\xe3\x81\x99\xe3\x81\xb9\xe3\x81\xa6\xe5\xb1\x95\xe9\x96\x8b"},  // ActExpandAll
    {"Collapse all", "Alles zuklappen", "\xe5\x85\xa8\xe9\x83\xa8\xe6\x8a\x98\xe5\x8f\xa0", "\xe3\x81\x99\xe3\x81\xb9\xe3\x81\xa6\xe6\x8a\x98\xe3\x82\x8a\xe3\x81\x9f\xe3\x81\x9f\xe3\x82\x80"},  // ActCollapseAll
    {"Cut (second key)", "Ausschneiden (zweite Taste)", "\xe5\x89\xaa\xe5\x88\x87\xef\xbc\x88\xe7\xac\xac\xe4\xba\x8c\xe4\xb8\xaa\xe9\x94\xae\xef\xbc\x89", "\xe5\x88\x87\xe3\x82\x8a\xe5\x8f\x96\xe3\x82\x8a\xef\xbc\x88" "2 \xe7\x95\xaa\xe7\x9b\xae\xe3\x81\xae\xe3\x82\xad\xe3\x83\xbc\xef\xbc\x89"},  // ActCutAlt
    {"New?", "Neu?", "\xe6\x96\xb0\xe5\xbb\xba\xef\xbc\x9f", "\xe6\x96\xb0\xe8\xa6\x8f\xe4\xbd\x9c\xe6\x88\x90\xe3\x81\x97\xe3\x81\xbe\xe3\x81\x99\xe3\x81\x8b\xef\xbc\x9f"},  // AskNew
    {"Exit?", "Beenden?", "\xe9\x80\x80\xe5\x87\xba\xef\xbc\x9f", "\xe7\xb5\x82\xe4\xba\x86\xe3\x81\x97\xe3\x81\xbe\xe3\x81\x99\xe3\x81\x8b\xef\xbc\x9f"},  // AskExit
    {"No line selected, Copy entire script?", "Keine Zeile ausgew\xc3\xa4hlt. Ganzes Skript kopieren?", "\xe6\x9c\xaa\xe9\x80\x89\xe6\x8b\xa9\xe4\xbb\xbb\xe4\xbd\x95\xe8\xa1\x8c\xef\xbc\x8c\xe8\xa6\x81\xe5\xa4\x8d\xe5\x88\xb6\xe6\x95\xb4\xe4\xb8\xaa\xe8\x84\x9a\xe6\x9c\xac\xe5\x90\x97\xef\xbc\x9f", "\xe8\xa1\x8c\xe3\x81\x8c\xe9\x81\xb8\xe6\x8a\x9e\xe3\x81\x95\xe3\x82\x8c\xe3\x81\xa6\xe3\x81\x84\xe3\x81\xbe\xe3\x81\x9b\xe3\x82\x93\xe3\x80\x82\xe3\x82\xb9\xe3\x82\xaf\xe3\x83\xaa\xe3\x83\x97\xe3\x83\x88\xe5\x85\xa8\xe4\xbd\x93\xe3\x82\x92\xe3\x82\xb3\xe3\x83\x94\xe3\x83\xbc\xe3\x81\x97\xe3\x81\xbe\xe3\x81\x99\xe3\x81\x8b\xef\xbc\x9f"},  // AskCopyAll
    {"You seem to be pasting something that wasn't copied from BehavEd\x0aProceed?", "Das scheint nicht aus BehavEd kopiert worden zu sein.\x0aTrotzdem einf\xc3\xbcgen?", "\xe6\x82\xa8\xe7\xb2\x98\xe8\xb4\xb4\xe7\x9a\x84\xe5\x86\x85\xe5\xae\xb9\xe4\xbc\xbc\xe4\xb9\x8e\xe4\xb8\x8d\xe6\x98\xaf\xe4\xbb\x8e BehavEd \xe5\xa4\x8d\xe5\x88\xb6\xe7\x9a\x84\xe3\x80\x82\x0a\xe7\xbb\xa7\xe7\xbb\xad\xe5\x90\x97\xef\xbc\x9f", "BehavEd \xe3\x81\x8b\xe3\x82\x89\xe3\x82\xb3\xe3\x83\x94\xe3\x83\xbc\xe3\x81\x95\xe3\x82\x8c\xe3\x81\x9f\xe3\x82\x82\xe3\x81\xae\xe3\x81\xa7\xe3\x81\xaf\xe3\x81\xaa\xe3\x81\x84\xe3\x82\x88\xe3\x81\x86\xe3\x81\xa7\xe3\x81\x99\xe3\x80\x82\x0a\xe7\xb6\x9a\xe8\xa1\x8c\xe3\x81\x97\xe3\x81\xbe\xe3\x81\x99\xe3\x81\x8b\xef\xbc\x9f"},  // AskPasteForeign
    {"Browse to file", "Datei suchen", "\xe6\xb5\x8f\xe8\xa7\x88\xe6\x96\x87\xe4\xbb\xb6", "\xe3\x83\x95\xe3\x82\xa1\xe3\x82\xa4\xe3\x83\xab\xe3\x82\x92\xe5\x8f\x82\xe7\x85\xa7"},  // BrowseTitle
    {"Key moved by %.0f %.0f %.0f - preview only, not written to the script yet", "Schl\xc3\xbcssel um %.0f %.0f %.0f verschoben - nur Vorschau, noch nicht ins Skript geschrieben", "\xe5\x85\xb3\xe9\x94\xae\xe7\x82\xb9\xe7\xa7\xbb\xe5\x8a\xa8 %.0f %.0f %.0f\xef\xbc\x88\xe4\xbb\x85\xe9\xa2\x84\xe8\xa7\x88\xef\xbc\x8c\xe5\xb0\x9a\xe6\x9c\xaa\xe5\x86\x99\xe5\x85\xa5\xe8\x84\x9a\xe6\x9c\xac\xef\xbc\x89", "\xe3\x82\xad\xe3\x83\xbc\xe3\x82\x92 %.0f %.0f %.0f \xe7\xa7\xbb\xe5\x8b\x95\xef\xbc\x88\xe3\x83\x97\xe3\x83\xac\xe3\x83\x93\xe3\x83\xa5\xe3\x83\xbc\xe3\x81\xae\xe3\x81\xbf\xe3\x80\x81\xe3\x82\xb9\xe3\x82\xaf\xe3\x83\xaa\xe3\x83\x97\xe3\x83\x88\xe6\x9c\xaa\xe5\x8f\x8d\xe6\x98\xa0\xef\xbc\x89"},  // GizmoMoved
    {"Select", "Ausw\xc3\xa4hlen", "\xe9\x80\x89\xe6\x8b\xa9", "\xe9\x81\xb8\xe6\x8a\x9e"},  // GizmoSelect
    {"Move", "Verschieben", "\xe7\xa7\xbb\xe5\x8a\xa8", "\xe7\xa7\xbb\xe5\x8b\x95"},  // GizmoMove
    {"Rotate", "Drehen", "\xe6\x97\x8b\xe8\xbd\xac", "\xe5\x9b\x9e\xe8\xbb\xa2"},  // GizmoRotate
    {"World", "Welt", "\xe4\xb8\x96\xe7\x95\x8c", "\xe3\x83\xaf\xe3\x83\xbc\xe3\x83\xab\xe3\x83\x89"},  // GizmoSpaceWorld
    {"Local", "Lokal", "\xe6\x9c\xac\xe5\x9c\xb0", "\xe3\x83\xad\xe3\x83\xbc\xe3\x82\xab\xe3\x83\xab"},  // GizmoSpaceLocal
    {"Show or hide the view settings", "Einstellungen der Ansicht ein- oder ausblenden", "\xe6\x98\xbe\xe7\xa4\xba\xe6\x88\x96\xe9\x9a\x90\xe8\x97\x8f\xe8\xa7\x86\xe5\x9b\xbe\xe8\xae\xbe\xe7\xbd\xae", "\xe3\x83\x93\xe3\x83\xa5\xe3\x83\xbc\xe8\xa8\xad\xe5\xae\x9a\xe3\x81\xae\xe8\xa1\xa8\xe7\xa4\xba\xe5\x88\x87\xe6\x9b\xbf"},  // MapSidebarHint
    {"Frames", "Bilder", "\xe5\xb8\xa7", "\xe3\x83\x95\xe3\x83\xac\xe3\x83\xbc\xe3\x83\xa0"},  // TlUnitFrames
    {"Seconds", "Sekunden", "\xe7\xa7\x92", "\xe7\xa7\x92"},  // TlUnitSeconds
    {"Switch between frames and seconds", "Zwischen Bildern und Sekunden umschalten", "\xe5\x9c\xa8\xe5\xb8\xa7\xe4\xb8\x8e\xe7\xa7\x92\xe4\xb9\x8b\xe9\x97\xb4\xe5\x88\x87\xe6\x8d\xa2", "\xe3\x83\x95\xe3\x83\xac\xe3\x83\xbc\xe3\x83\xa0\xe3\x81\xa8\xe7\xa7\x92\xe3\x82\x92\xe5\x88\x87\xe6\x9b\xbf"},  // TlUnitHint
    {"frame %d of %d", "Bild %d von %d", "\xe7\xac\xac %d \xe5\xb8\xa7\xef\xbc\x8c\xe5\x85\xb1 %d", "%d / %d \xe3\x83\x95\xe3\x83\xac\xe3\x83\xbc\xe3\x83\xa0"},  // TlFrame
    {"%.2f s to %.2f s", "%.2f s bis %.2f s", "%.2f \xe7\xa7\x92 \xe8\x87\xb3 %.2f \xe7\xa7\x92", "%.2f \xe7\xa7\x92\xef\xbd\x9e%.2f \xe7\xa7\x92"},  // TlSpanSeconds
    {"frame %d to %d", "Bild %d bis %d", "\xe7\xac\xac %d \xe5\xb8\xa7\xe8\x87\xb3 %d \xe5\xb8\xa7", "%d\xef\xbd\x9e%d \xe3\x83\x95\xe3\x83\xac\xe3\x83\xbc\xe3\x83\xa0"},  // TlSpanFrames
    {"Click to jump to this line", "Anklicken springt zu dieser Zeile", "\xe7\x82\xb9\xe5\x87\xbb\xe8\xb7\xb3\xe8\xbd\xac\xe5\x88\xb0\xe8\xaf\xa5\xe8\xa1\x8c", "\xe3\x82\xaf\xe3\x83\xaa\xe3\x83\x83\xe3\x82\xaf\xe3\x81\xa7\xe3\x81\x9d\xe3\x81\xae\xe8\xa1\x8c\xe3\x81\xb8"},  // TlClickHint
    {"Click to show where this figure walks", "Anklicken zeigt, wo diese Figur entlanggeht", "\xe7\x82\xb9\xe5\x87\xbb\xe6\x9f\xa5\xe7\x9c\x8b\xe8\xaf\xa5\xe8\xa7\x92\xe8\x89\xb2\xe7\x9a\x84\xe8\xb7\xaf\xe5\xbe\x84", "\xe3\x81\x93\xe3\x81\xae\xe4\xba\xba\xe7\x89\xa9\xe3\x81\xae\xe7\xa7\xbb\xe5\x8b\x95\xe7\xb5\x8c\xe8\xb7\xaf\xe3\x82\x92\xe8\xa1\xa8\xe7\xa4\xba"},  // TlActorHint
    {"Open another script first - a pane needs its own", "Erst ein weiteres Skript oeffnen - jedes Feld braucht ein eigenes", "\xe8\xaf\xb7\xe5\x85\x88\xe6\x89\x93\xe5\xbc\x80\xe5\x8f\xa6\xe4\xb8\x80\xe4\xb8\xaa\xe8\x84\x9a\xe6\x9c\xac", "\xe5\x85\x88\xe3\x81\xab\xe5\x88\xa5\xe3\x81\xae\xe3\x82\xb9\xe3\x82\xaf\xe3\x83\xaa\xe3\x83\x97\xe3\x83\x88\xe3\x82\x92\xe9\x96\x8b\xe3\x81\x84\xe3\x81\xa6\xe3\x81\x8f\xe3\x81\xa0\xe3\x81\x95\xe3\x81\x84"},  // SplitNeedsTabs
    {"Click or drag on the ruler to set the time. Wheel over the ruler zooms, Ctrl+wheel over the tracks, middle button drags", "Klicken oder Ziehen im Lineal setzt die Zeit. Rad ueber dem Lineal vergroessert, Strg+Rad ueber den Spuren, mittlere Taste schiebt", "\xe5\x9c\xa8\xe6\xa0\x87\xe5\xb0\xba\xe4\xb8\x8a\xe7\x82\xb9\xe5\x87\xbb\xe6\x88\x96\xe6\x8b\x96\xe5\x8a\xa8\xe8\xae\xbe\xe7\xbd\xae\xe6\x97\xb6\xe9\x97\xb4\xe3\x80\x82\xe6\xbb\x9a\xe8\xbd\xae\xe7\xbc\xa9\xe6\x94\xbe\xef\xbc\x8c\xe4\xb8\xad\xe9\x94\xae\xe6\x8b\x96\xe5\x8a\xa8", "\xe3\x83\xab\xe3\x83\xbc\xe3\x83\xa9\xe3\x83\xbc\xe3\x82\x92\xe3\x82\xaf\xe3\x83\xaa\xe3\x83\x83\xe3\x82\xaf/\xe3\x83\x89\xe3\x83\xa9\xe3\x83\x83\xe3\x82\xb0\xe3\x81\xa7\xe6\x99\x82\xe9\x96\x93\xe3\x82\x92\xe8\xa8\xad\xe5\xae\x9a\xe3\x80\x82\xe3\x83\x9b\xe3\x82\xa4\xe3\x83\xbc\xe3\x83\xab\xe3\x81\xa7\xe6\x8b\xa1\xe5\xa4\xa7\xe3\x80\x81\xe4\xb8\xad\xe3\x83\x9c\xe3\x82\xbf\xe3\x83\xb3\xe3\x81\xa7\xe7\xa7\xbb\xe5\x8b\x95"},  // TlZoomHint
    {"Overlaps the next %s (starts at %.2f s). In the game that one starts from where this one BEGAN - the camera jumps back.", "Laeuft in den naechsten %s hinein (beginnt bei %.2f s). Im Spiel faengt der dort an, wo dieser BEGANN - die Kamera springt zurueck.", "\xe4\xb8\x8e\xe4\xb8\x8b\xe4\xb8\x80\xe4\xb8\xaa %s \xe9\x87\x8d\xe5\x8f\xa0\xef\xbc\x88\xe5\xbc\x80\xe5\xa7\x8b\xe4\xba\x8e %.2f \xe7\xa7\x92\xef\xbc\x89\xe3\x80\x82\xe6\xb8\xb8\xe6\x88\x8f\xe4\xb8\xad\xe4\xb8\x8b\xe4\xb8\x80\xe4\xb8\xaa\xe4\xbc\x9a\xe4\xbb\x8e\xe8\xbf\x99\xe4\xb8\xaa\xe7\x9a\x84\xe8\xb5\xb7\xe7\x82\xb9\xe5\xbc\x80\xe5\xa7\x8b - \xe9\x95\x9c\xe5\xa4\xb4\xe4\xbc\x9a\xe8\xb7\xb3\xe5\x9b\x9e\xe3\x80\x82", "\xe6\xac\xa1\xe3\x81\xae %s\xef\xbc\x88%.2f \xe7\xa7\x92\xe9\x96\x8b\xe5\xa7\x8b\xef\xbc\x89\xe3\x81\xa8\xe9\x87\x8d\xe3\x81\xaa\xe3\x82\x8a\xe3\x81\xbe\xe3\x81\x99\xe3\x80\x82\xe3\x82\xb2\xe3\x83\xbc\xe3\x83\xa0\xe3\x81\xa7\xe3\x81\xaf\xe3\x81\x93\xe3\x81\xae\xe9\x96\x8b\xe5\xa7\x8b\xe4\xbd\x8d\xe7\xbd\xae\xe3\x81\x8b\xe3\x82\x89\xe5\xa7\x8b\xe3\x81\xbe\xe3\x82\x8a\xe3\x80\x81\xe3\x82\xab\xe3\x83\xa1\xe3\x83\xa9\xe3\x81\x8c\xe6\x88\xbb\xe3\x82\x8a\xe3\x81\xbe\xe3\x81\x99\xe3\x80\x82"},  // TlOverlap
    {"Idle tracks (%d)", "Ruhige Spuren (%d)", "\xe7\xa9\xba\xe9\x97\xb2\xe8\xbd\xa8\xe9\x81\x93 (%d)", "\xe5\x8b\x95\xe3\x81\x8d\xe3\x81\xae\xe3\x81\xaa\xe3\x81\x84\xe3\x83\x88\xe3\x83\xa9\xe3\x83\x83\xe3\x82\xaf (%d)"},  // TlIdleTracks
    {"Tracks where nothing happens after the start - hidden to save space. Tick to show them.", "Spuren, in denen nach dem Anfang nichts mehr passiert - ausgeblendet, um Platz zu sparen. Anhaken zeigt sie.", "\xe5\xbc\x80\xe5\xa7\x8b\xe5\x90\x8e\xe6\xb2\xa1\xe6\x9c\x89\xe4\xbb\xbb\xe4\xbd\x95\xe5\x8a\xa8\xe4\xbd\x9c\xe7\x9a\x84\xe8\xbd\xa8\xe9\x81\x93 - \xe4\xb8\xba\xe8\x8a\x82\xe7\x9c\x81\xe7\xa9\xba\xe9\x97\xb4\xe8\x80\x8c\xe9\x9a\x90\xe8\x97\x8f\xe3\x80\x82\xe5\x8b\xbe\xe9\x80\x89\xe4\xbb\xa5\xe6\x98\xbe\xe7\xa4\xba\xe3\x80\x82", "\xe9\x96\x8b\xe5\xa7\x8b\xe5\xbe\x8c\xe3\x81\xab\xe4\xbd\x95\xe3\x82\x82\xe8\xb5\xb7\xe3\x81\x8d\xe3\x81\xaa\xe3\x81\x84\xe3\x83\x88\xe3\x83\xa9\xe3\x83\x83\xe3\x82\xaf - \xe7\x9c\x81\xe3\x82\xb9\xe3\x83\x9a\xe3\x83\xbc\xe3\x82\xb9\xe3\x81\xae\xe3\x81\x9f\xe3\x82\x81\xe9\x9d\x9e\xe8\xa1\xa8\xe7\xa4\xba\xe3\x80\x82\xe3\x83\x81\xe3\x82\xa7\xe3\x83\x83\xe3\x82\xaf\xe3\x81\xa7\xe8\xa1\xa8\xe7\xa4\xba\xe3\x80\x82"},  // TlIdleTracksHint
    {"All", "Alles", "\xe5\x85\xa8\xe9\x83\xa8", "\xe5\x85\xa8\xe4\xbd\x93"},  // TlFit
    {"%.0fx", "%.0f-fach", "%.0f \xe5\x80\x8d", "%.0f \xe5\x80\x8d"},  // TlZoomFactor
    {"Zoom", "Zoom", "\xe7\xbc\xa9\xe6\x94\xbe", "\xe3\x82\xba\xe3\x83\xbc\xe3\x83\xa0"},  // TlZoomMenu
    {"Centre on the playhead", "Auf den Zeiger stellen", "\xe5\xb1\x85\xe4\xb8\xad\xe4\xba\x8e\xe6\x92\xad\xe6\x94\xbe\xe5\xa4\xb4", "\xe5\x86\x8d\xe7\x94\x9f\xe4\xbd\x8d\xe7\xbd\xae\xe3\x82\x92\xe4\xb8\xad\xe5\xa4\xae\xe3\x81\xb8"},  // TlZoomToPlay
    {"Duration %.2f s", "Dauer %.2f s", "\xe6\x97\xb6\xe9\x95\xbf %.2f \xe7\xa7\x92", "\xe9\x95\xb7\xe3\x81\x95 %.2f \xe7\xa7\x92"},  // TlDragDur
    {"Playback speed. Sound only plays at 1x (it cannot be slowed down with the picture)", "Abspieltempo. Ton nur bei 1x (er lie\xc3\x9f" "e sich nicht mit dem Bild verlangsamen)", "\xe6\x92\xad\xe6\x94\xbe\xe9\x80\x9f\xe5\xba\xa6\xe3\x80\x82\xe4\xbb\x85\xe5\x9c\xa8 1x \xe6\x97\xb6\xe6\x92\xad\xe6\x94\xbe\xe5\xa3\xb0\xe9\x9f\xb3", "\xe5\x86\x8d\xe7\x94\x9f\xe9\x80\x9f\xe5\xba\xa6\xe3\x80\x82\xe9\x9f\xb3\xe5\xa3\xb0\xe3\x81\xaf 1x \xe3\x81\xae\xe3\x81\xa8\xe3\x81\x8d\xe3\x81\xae\xe3\x81\xbf"},  // TlSpeedHint
    {"Loop", "Schleife", "\xe5\xbe\xaa\xe7\x8e\xaf", "\xe3\x83\xab\xe3\x83\xbc\xe3\x83\x97"},  // TlLoop
    {"From another script: %s", "Aus einem anderen Skript: %s", "\xe6\x9d\xa5\xe8\x87\xaa\xe5\x8f\xa6\xe4\xb8\x80\xe4\xb8\xaa\xe8\x84\x9a\xe6\x9c\xac\xef\xbc\x9a%s", "\xe5\x88\xa5\xe3\x81\xae\xe3\x82\xb9\xe3\x82\xaf\xe3\x83\xaa\xe3\x83\x97\xe3\x83\x88\xe3\x81\x8b\xe3\x82\x89: %s"},  // TlFromScript
    {"Start again from the beginning at the end", "Am Ende wieder von vorn", "\xe7\xbb\x93\xe6\x9d\x9f\xe5\x90\x8e\xe4\xbb\x8e\xe5\xa4\xb4\xe5\xbc\x80\xe5\xa7\x8b", "\xe6\x9c\x80\xe5\xbe\x8c\xe3\x81\xbe\xe3\x81\xa7\xe6\x9d\xa5\xe3\x81\x9f\xe3\x82\x89\xe6\x9c\x80\xe5\x88\x9d\xe3\x81\x8b\xe3\x82\x89"},  // TlLoopHint
    {"Move %+.2f s", "Verschieben %+.2f s", "\xe7\xa7\xbb\xe5\x8a\xa8 %+.2f \xe7\xa7\x92", "\xe7\xa7\xbb\xe5\x8b\x95 %+.2f \xe7\xa7\x92"},  // TlMoveDelta
    {"Everything after moves along (hold Alt: only this block)", "Alles danach r\xc3\xbc" "ckt mit (Alt: nur dieser Block)", "\xe4\xb9\x8b\xe5\x90\x8e\xe7\x9a\x84\xe5\x86\x85\xe5\xae\xb9\xe4\xb8\x80\xe8\xb5\xb7\xe7\xa7\xbb\xe5\x8a\xa8\xef\xbc\x88\xe6\x8c\x89\xe4\xbd\x8f Alt\xef\xbc\x9a\xe4\xbb\x85\xe6\xad\xa4\xe5\x9d\x97\xef\xbc\x89", "\xe5\xbe\x8c\xe3\x82\x8d\xe3\x82\x82\xe3\x81\xbe\xe3\x81\xa8\xe3\x82\x81\xe3\x81\xa6\xe7\xa7\xbb\xe5\x8b\x95\xef\xbc\x88" "Alt: \xe3\x81\x93\xe3\x81\xae\xe3\x83\x96\xe3\x83\xad\xe3\x83\x83\xe3\x82\xaf\xe3\x81\xae\xe3\x81\xbf\xef\xbc\x89"},  // TlMoveRipple
    {"Only this block, the rest stays", "Nur dieser Block, der Rest bleibt stehen", "\xe4\xbb\x85\xe6\xad\xa4\xe5\x9d\x97\xef\xbc\x8c\xe5\x85\xb6\xe4\xbd\x99\xe4\xb8\x8d\xe5\x8a\xa8", "\xe3\x81\x93\xe3\x81\xae\xe3\x83\x96\xe3\x83\xad\xe3\x83\x83\xe3\x82\xaf\xe3\x81\xae\xe3\x81\xbf\xe3\x80\x81\xe4\xbb\x96\xe3\x81\xaf\xe5\x8b\x95\xe3\x81\x8b\xe3\x81\xaa\xe3\x81\x84"},  // TlMoveSlide
    {"Cannot move further: the wait before is used up", "Weiter geht es nicht: das wait davor ist aufgebraucht", "\xe6\x97\xa0\xe6\xb3\x95\xe7\xbb\xa7\xe7\xbb\xad\xe7\xa7\xbb\xe5\x8a\xa8\xef\xbc\x9a\xe5\x89\x8d\xe9\x9d\xa2\xe7\x9a\x84\xe7\xad\x89\xe5\xbe\x85\xe5\xb7\xb2\xe7\x94\xa8\xe5\xae\x8c", "\xe3\x81\x93\xe3\x82\x8c\xe4\xbb\xa5\xe4\xb8\x8a\xe5\x8b\x95\xe3\x81\x8b\xe3\x81\x9b\xe3\x81\xbe\xe3\x81\x9b\xe3\x82\x93: \xe5\x89\x8d\xe3\x81\xae wait \xe3\x82\x92\xe4\xbd\xbf\xe3\x81\x84\xe5\x88\x87\xe3\x82\x8a\xe3\x81\xbe\xe3\x81\x97\xe3\x81\x9f"},  // TlMoveNone
    {"Write to script", "Ins Skript schreiben", "\xe5\x86\x99\xe5\x85\xa5\xe8\x84\x9a\xe6\x9c\xac", "\xe3\x82\xb9\xe3\x82\xaf\xe3\x83\xaa\xe3\x83\x97\xe3\x83\x88\xe3\x81\xab\xe6\x9b\xb8\xe3\x81\x8d\xe8\xbe\xbc\xe3\x82\x80"},  // GizmoApply
    {"written to the script - Ctrl+Z undoes it", "ins Skript geschrieben - Strg+Z nimmt es zur\xc3\xbc" "ck", "\xe5\xb7\xb2\xe5\x86\x99\xe5\x85\xa5\xe8\x84\x9a\xe6\x9c\xac\xef\xbc\x8c" "Ctrl+Z \xe5\x8f\xaf\xe6\x92\xa4\xe9\x94\x80", "\xe3\x82\xb9\xe3\x82\xaf\xe3\x83\xaa\xe3\x83\x97\xe3\x83\x88\xe3\x81\xab\xe6\x9b\xb8\xe3\x81\x8d\xe8\xbe\xbc\xe3\x81\xbf\xe3\x81\xbe\xe3\x81\x97\xe3\x81\x9f\xef\xbc\x88" "Ctrl+Z \xe3\x81\xa7\xe5\x8f\x96\xe3\x82\x8a\xe6\xb6\x88\xe3\x81\x97\xef\xbc\x89"},  // GizmoWrote
    {"written to the script", "ins Skript geschrieben", "\xe5\xb7\xb2\xe5\x86\x99\xe5\x85\xa5\xe8\x84\x9a\xe6\x9c\xac", "\xe3\x82\xb9\xe3\x82\xaf\xe3\x83\xaa\xe3\x83\x97\xe3\x83\x88\xe3\x81\xab\xe6\x9b\xb8\xe3\x81\x8d\xe8\xbe\xbc\xe3\x81\xbf\xe6\xb8\x88\xe3\x81\xbf"},  // GizmoWroteShort
    {"this key has no MOVE to write to", "dieser Schl\xc3\xbcssel hat kein MOVE zum Schreiben", "\xe8\xaf\xa5\xe5\x85\xb3\xe9\x94\xae\xe7\x82\xb9\xe6\xb2\xa1\xe6\x9c\x89\xe5\x8f\xaf\xe5\x86\x99\xe5\x85\xa5\xe7\x9a\x84 MOVE", "\xe3\x81\x93\xe3\x81\xae\xe3\x82\xad\xe3\x83\xbc\xe3\x81\xab\xe3\x81\xaf\xe6\x9b\xb8\xe3\x81\x8d\xe8\xbe\xbc\xe3\x82\x80 MOVE \xe3\x81\x8c\xe3\x81\x82\xe3\x82\x8a\xe3\x81\xbe\xe3\x81\x9b\xe3\x82\x93"},  // GizmoNoMove
    {"Key turned by %.0f %.0f %.0f - preview only, not written to the script yet", "Schl\xc3\xbcssel um %.0f %.0f %.0f gedreht - nur Vorschau, noch nicht ins Skript geschrieben", "\xe5\x85\xb3\xe9\x94\xae\xe7\x82\xb9\xe6\x97\x8b\xe8\xbd\xac %.0f %.0f %.0f\xef\xbc\x88\xe4\xbb\x85\xe9\xa2\x84\xe8\xa7\x88\xef\xbc\x89", "\xe3\x82\xad\xe3\x83\xbc\xe3\x82\x92 %.0f %.0f %.0f \xe5\x9b\x9e\xe8\xbb\xa2\xef\xbc\x88\xe3\x83\x97\xe3\x83\xac\xe3\x83\x93\xe3\x83\xa5\xe3\x83\xbc\xe3\x81\xae\xe3\x81\xbf\xef\xbc\x89"},  // GizmoTurned
    {"Reset", "Zur\xc3\xbc" "cksetzen", "\xe9\x87\x8d\xe7\xbd\xae", "\xe3\x83\xaa\xe3\x82\xbb\xe3\x83\x83\xe3\x83\x88"},  // GizmoReset
    {"control the cutscene camera - the sub-command follows as the first argument", "die Kamera der Zwischensequenz steuern - der Unterbefehl steht als erstes Argument", "\xe6\x8e\xa7\xe5\x88\xb6\xe8\xbf\x87\xe5\x9c\xba\xe5\x8a\xa8\xe7\x94\xbb\xe6\x91\x84\xe5\x83\x8f\xe6\x9c\xba\xe2\x80\x94\xe2\x80\x94\xe5\xad\x90\xe5\x91\xbd\xe4\xbb\xa4\xe4\xb8\xba\xe7\xac\xac\xe4\xb8\x80\xe4\xb8\xaa\xe5\x8f\x82\xe6\x95\xb0", "\xe3\x82\xab\xe3\x83\x83\xe3\x83\x88\xe3\x82\xb7\xe3\x83\xbc\xe3\x83\xb3\xe3\x81\xae\xe3\x82\xab\xe3\x83\xa1\xe3\x83\xa9\xe3\x82\x92\xe6\x93\x8d\xe4\xbd\x9c\xe3\x81\x97\xe3\x81\xbe\xe3\x81\x99\xef\xbc\x88\xe3\x82\xb5\xe3\x83\x96\xe3\x82\xb3\xe3\x83\x9e\xe3\x83\xb3\xe3\x83\x89\xe3\x81\x8c\xe7\xac\xac" "1\xe5\xbc\x95\xe6\x95\xb0\xef\xbc\x89"},  // DescCamera
    {"declare a named task; do() starts it, dowait() waits for it to finish", "eine benannte Aufgabe erkl\xc3\xa4ren; do() startet sie, dowait() wartet auf ihr Ende", "\xe5\xa3\xb0\xe6\x98\x8e\xe4\xb8\x80\xe4\xb8\xaa\xe5\x91\xbd\xe5\x90\x8d\xe4\xbb\xbb\xe5\x8a\xa1\xef\xbc\x9b" "do() \xe5\x90\xaf\xe5\x8a\xa8\xef\xbc\x8c" "dowait() \xe7\xad\x89\xe5\xbe\x85\xe5\x85\xb6\xe5\xae\x8c\xe6\x88\x90", "\xe5\x90\x8d\xe5\x89\x8d\xe4\xbb\x98\xe3\x81\x8d\xe3\x82\xbf\xe3\x82\xb9\xe3\x82\xaf\xe3\x82\x92\xe5\xae\xa3\xe8\xa8\x80\xe3\x81\x97\xe3\x81\xbe\xe3\x81\x99\xe3\x80\x82" "do() \xe3\x81\xa7\xe9\x96\x8b\xe5\xa7\x8b\xe3\x80\x81" "dowait() \xe3\x81\xa7\xe5\xae\x8c\xe4\xba\x86\xe5\xbe\x85\xe3\x81\xa1"},  // DescTask
    {"start a task declared with task() - does not wait for it", "eine mit task() erkl\xc3\xa4rte Aufgabe starten - wartet nicht auf sie", "\xe5\x90\xaf\xe5\x8a\xa8\xe7\x94\xb1 task() \xe5\xa3\xb0\xe6\x98\x8e\xe7\x9a\x84\xe4\xbb\xbb\xe5\x8a\xa1\xef\xbc\x88\xe4\xb8\x8d\xe7\xad\x89\xe5\xbe\x85\xef\xbc\x89", "task() \xe3\x81\xa7\xe5\xae\xa3\xe8\xa8\x80\xe3\x81\x97\xe3\x81\x9f\xe3\x82\xbf\xe3\x82\xb9\xe3\x82\xaf\xe3\x82\x92\xe9\x96\x8b\xe5\xa7\x8b\xe3\x81\x97\xe3\x81\xbe\xe3\x81\x99\xef\xbc\x88\xe5\xbe\x85\xe6\xa9\x9f\xe3\x81\x97\xe3\x81\xbe\xe3\x81\x9b\xe3\x82\x93\xef\xbc\x89"},  // DescDo
    {"play a ROFF animation on the entity being affected", "eine ROFF-Bewegung auf der betroffenen Entity abspielen", "\xe5\x9c\xa8\xe5\x8f\x97\xe5\xbd\xb1\xe5\x93\x8d\xe7\x9a\x84\xe5\xae\x9e\xe4\xbd\x93\xe4\xb8\x8a\xe6\x92\xad\xe6\x94\xbe ROFF \xe5\x8a\xa8\xe7\x94\xbb", "\xe5\xaf\xbe\xe8\xb1\xa1\xe3\x82\xa8\xe3\x83\xb3\xe3\x83\x86\xe3\x82\xa3\xe3\x83\x86\xe3\x82\xa3\xe3\x81\xa7 ROFF \xe3\x82\xa2\xe3\x83\x8b\xe3\x83\xa1\xe3\x83\xbc\xe3\x82\xb7\xe3\x83\xa7\xe3\x83\xb3\xe3\x82\x92\xe5\x86\x8d\xe7\x94\x9f\xe3\x81\x97\xe3\x81\xbe\xe3\x81\x99"},  // DescPlay
    {"Save all", "Alle sichern", "\xe5\x85\xa8\xe9\x83\xa8\xe4\xbf\x9d\xe5\xad\x98", "\xe3\x81\x99\xe3\x81\xb9\xe3\x81\xa6\xe4\xbf\x9d\xe5\xad\x98"},  // ActSaveAll
    {"Save every tab that has unsaved changes. Tabs opened from an archive have no path to write back to and are skipped.", "Jeden Reiter mit ungesicherten \xc3\x84nderungen speichern. Reiter aus einem Archiv haben keinen Pfad zum Zur\xc3\xbc" "ckschreiben und werden \xc3\xbc" "bersprungen.", "\xe4\xbf\x9d\xe5\xad\x98\xe6\x89\x80\xe6\x9c\x89\xe6\x9c\x89\xe6\x9c\xaa\xe4\xbf\x9d\xe5\xad\x98\xe6\x9b\xb4\xe6\x94\xb9\xe7\x9a\x84\xe6\xa0\x87\xe7\xad\xbe\xe9\xa1\xb5\xe3\x80\x82", "\xe6\x9c\xaa\xe4\xbf\x9d\xe5\xad\x98\xe3\x81\xae\xe5\xa4\x89\xe6\x9b\xb4\xe3\x81\x8c\xe3\x81\x82\xe3\x82\x8b\xe3\x82\xbf\xe3\x83\x96\xe3\x82\x92\xe3\x81\x99\xe3\x81\xb9\xe3\x81\xa6\xe4\xbf\x9d\xe5\xad\x98\xe3\x81\x97\xe3\x81\xbe\xe3\x81\x99\xe3\x80\x82"},  // HintSaveAll
    {"%s is already open - switched to its tab", "%s ist schon offen - zu seinem Reiter gewechselt", "%s \xe5\xb7\xb2\xe6\x89\x93\xe5\xbc\x80 - \xe5\xb7\xb2\xe5\x88\x87\xe6\x8d\xa2\xe5\x88\xb0\xe5\x85\xb6\xe6\xa0\x87\xe7\xad\xbe\xe9\xa1\xb5", "%s \xe3\x81\xaf\xe6\x97\xa2\xe3\x81\xab\xe9\x96\x8b\xe3\x81\x84\xe3\x81\xa6\xe3\x81\x84\xe3\x81\xbe\xe3\x81\x99 - \xe3\x81\x9d\xe3\x81\xae\xe3\x82\xbf\xe3\x83\x96\xe3\x81\xab\xe5\x88\x87\xe3\x82\x8a\xe6\x9b\xbf\xe3\x81\x88\xe3\x81\xbe\xe3\x81\x97\xe3\x81\x9f"},  // MsgAlreadyOpen
    {"%d saved, %d without a path", "%d gesichert, %d ohne Pfad", "\xe5\xb7\xb2\xe4\xbf\x9d\xe5\xad\x98 %d \xe4\xb8\xaa\xef\xbc\x8c%d \xe4\xb8\xaa\xe6\x97\xa0\xe8\xb7\xaf\xe5\xbe\x84", "%d \xe4\xbb\xb6\xe3\x82\x92\xe4\xbf\x9d\xe5\xad\x98\xe3\x80\x81%d \xe4\xbb\xb6\xe3\x81\xaf\xe3\x83\x91\xe3\x82\xb9\xe3\x81\xaa\xe3\x81\x97"},  // MsgSavedAll
    {"Only in the script view - the map and model views need the room.", "Nur in der Skriptansicht - Karte und Modell brauchen den Platz.", "\xe4\xbb\x85\xe5\x9c\xa8\xe8\x84\x9a\xe6\x9c\xac\xe8\xa7\x86\xe5\x9b\xbe\xe4\xb8\xad\xe5\x8f\xaf\xe7\x94\xa8\xe3\x80\x82", "\xe3\x82\xb9\xe3\x82\xaf\xe3\x83\xaa\xe3\x83\x97\xe3\x83\x88\xe8\xa1\xa8\xe7\xa4\xba\xe3\x81\xa7\xe3\x81\xae\xe3\x81\xbf\xe5\x88\xa9\xe7\x94\xa8\xe3\x81\xa7\xe3\x81\x8d\xe3\x81\xbe\xe3\x81\x99\xe3\x80\x82"},  // SplitOnlyScript
    {"Compare", "Vergleich", "\xe5\xaf\xb9\xe6\xaf\x94", "\xe6\xaf\x94\xe8\xbc\x83"},  // SplitTitle
    {"Split view", "Geteilte Ansicht", "\xe5\x88\x86\xe5\xb1\x8f", "\xe5\x88\x86\xe5\x89\xb2\xe8\xa1\xa8\xe7\xa4\xba"},  // SplitToggle
    {"Show a second script beside the first - for comparing and for copying commands across. The right half is read-only; to edit it, switch to its tab.", "Ein zweites Skript daneben zeigen - zum Vergleichen und zum \xc3\x9c" "bertragen von Befehlen. Die rechte H\xc3\xa4lfte ist nur zum Lesen; wer dort \xc3\xa4ndern will, wechselt auf ihren Reiter.", "\xe5\x9c\xa8\xe6\x97\x81\xe8\xbe\xb9\xe6\x98\xbe\xe7\xa4\xba\xe7\xac\xac\xe4\xba\x8c\xe4\xb8\xaa\xe8\x84\x9a\xe6\x9c\xac\xef\xbc\x8c\xe7\x94\xa8\xe4\xba\x8e\xe6\xaf\x94\xe8\xbe\x83\xe5\x92\x8c\xe5\xa4\x8d\xe5\x88\xb6\xe5\x91\xbd\xe4\xbb\xa4\xe3\x80\x82", "2 \xe3\x81\xa4\xe7\x9b\xae\xe3\x81\xae\xe3\x82\xb9\xe3\x82\xaf\xe3\x83\xaa\xe3\x83\x97\xe3\x83\x88\xe3\x82\x92\xe6\xa8\xaa\xe3\x81\xab\xe8\xa1\xa8\xe7\xa4\xba\xe3\x81\x97\xe3\x81\xbe\xe3\x81\x99\xef\xbc\x88\xe6\xaf\x94\xe8\xbc\x83\xe3\x81\xa8\xe3\x82\xb3\xe3\x83\x94\xe3\x83\xbc\xe7\x94\xa8\xef\xbc\x89\xe3\x80\x82"},  // SplitHint
    {"Find next", "Weiter", "\xe6\x9f\xa5\xe6\x89\xbe\xe4\xb8\x8b\xe4\xb8\x80\xe4\xb8\xaa", "\xe6\xac\xa1\xe3\x82\x92\xe6\xa4\x9c\xe7\xb4\xa2"},  // FindNextBtn
    {"Find previous", "Zur\xc3\xbc" "ck", "\xe6\x9f\xa5\xe6\x89\xbe\xe4\xb8\x8a\xe4\xb8\x80\xe4\xb8\xaa", "\xe5\x89\x8d\xe3\x82\x92\xe6\xa4\x9c\xe7\xb4\xa2"},  // FindPrevBtn
    {"Close", "Schlie\xc3\x9f" "en", "\xe5\x85\xb3\xe9\x97\xad", "\xe9\x96\x89\xe3\x81\x98\xe3\x82\x8b"},  // FindClose
    {"%d of %d", "%d von %d", "\xe7\xac\xac %d / %d \xe4\xb8\xaa", "%d / %d \xe4\xbb\xb6"},  // FindAtOf
    {"Replace with", "Ersetzen durch", "\xe6\x9b\xbf\xe6\x8d\xa2\xe4\xb8\xba", "\xe7\xbd\xae\xe6\x8f\x9b\xe5\xbe\x8c"},  // FindReplaceWith
    {"Replace", "Ersetzen", "\xe6\x9b\xbf\xe6\x8d\xa2", "\xe7\xbd\xae\xe6\x8f\x9b"},  // FindReplaceBtn
    {"Replace All", "Alle ersetzen", "\xe5\x85\xa8\xe9\x83\xa8\xe6\x9b\xbf\xe6\x8d\xa2", "\xe3\x81\x99\xe3\x81\xb9\xe3\x81\xa6\xe7\xbd\xae\xe6\x8f\x9b"},  // FindReplaceAll
    {"Replace All in All Opened Documents", "Alle ersetzen in allen offenen Dokumenten", "\xe5\x9c\xa8\xe6\x89\x80\xe6\x9c\x89\xe6\x89\x93\xe5\xbc\x80\xe7\x9a\x84\xe6\x96\x87\xe6\xa1\xa3\xe4\xb8\xad\xe5\x85\xa8\xe9\x83\xa8\xe6\x9b\xbf\xe6\x8d\xa2", "\xe9\x96\x8b\xe3\x81\x84\xe3\x81\xa6\xe3\x81\x84\xe3\x82\x8b\xe3\x81\x99\xe3\x81\xb9\xe3\x81\xa6\xe3\x81\xae\xe6\x96\x87\xe6\x9b\xb8\xe3\x81\xa7\xe7\xbd\xae\xe6\x8f\x9b"},  // FindReplaceAllDocs
    {"In selection", "In Auswahl", "\xe5\x9c\xa8\xe9\x80\x89\xe5\x8c\xba\xe5\x86\x85", "\xe9\x81\xb8\xe6\x8a\x9e\xe7\xaf\x84\xe5\x9b\xb2\xe5\x86\x85"},  // FindInSelection
    {"%d replaced", "%d ersetzt", "\xe5\xb7\xb2\xe6\x9b\xbf\xe6\x8d\xa2 %d \xe5\xa4\x84", "%d \xe4\xbb\xb6\xe7\xbd\xae\xe6\x8f\x9b"},  // FindReplacedN
    {"%d replaced in %d documents", "%d ersetzt in %d Dokumenten", "\xe5\xb7\xb2\xe5\x9c\xa8 %d \xe4\xb8\xaa\xe6\x96\x87\xe6\xa1\xa3\xe4\xb8\xad\xe6\x9b\xbf\xe6\x8d\xa2 %d \xe5\xa4\x84", "%d \xe4\xbb\xb6\xe7\xbd\xae\xe6\x8f\x9b (%d \xe6\x96\x87\xe6\x9b\xb8)"},  // FindReplacedDocs
    {"Replaces what \"Item containing\" finds - each field on its own. Numbers and vectors are written like BehavEd (1299.000). One undo step.", "Ersetzt, was \"Item containing\" findet - jedes Feld f\xc3\xbcr sich. Zahlen und Vektoren schreibt es wie BehavEd (1299.000). Ein R\xc3\xbc" "ckg\xc3\xa4ngig-Schritt.", "\xe6\x9b\xbf\xe6\x8d\xa2\xe2\x80\x9cItem containing\xe2\x80\x9d\xe6\x89\xbe\xe5\x88\xb0\xe7\x9a\x84\xe5\x86\x85\xe5\xae\xb9\xe2\x80\x94\xe2\x80\x94\xe6\xaf\x8f\xe4\xb8\xaa\xe5\xad\x97\xe6\xae\xb5\xe5\x8d\x95\xe7\x8b\xac\xe5\xa4\x84\xe7\x90\x86\xe3\x80\x82\xe4\xb8\x80\xe6\xac\xa1\xe6\x92\xa4\xe9\x94\x80\xe3\x80\x82", "\xe3\x80\x8cItem containing\xe3\x80\x8d\xe3\x81\xa7\xe8\xa6\x8b\xe3\x81\xa4\xe3\x81\x8b\xe3\x81\xa3\xe3\x81\x9f\xe5\x86\x85\xe5\xae\xb9\xe3\x82\x92\xe7\xbd\xae\xe6\x8f\x9b\xe3\x81\x97\xe3\x81\xbe\xe3\x81\x99\xe3\x80\x82\xe5\x85\x83\xe3\x81\xab\xe6\x88\xbb\xe3\x81\x99\xe3\x81\xaf 1 \xe5\x9b\x9e\xe3\x80\x82"},  // FindReplaceHint
    {"Search string not found", "Suchtext nicht gefunden", "\xe6\x9c\xaa\xe6\x89\xbe\xe5\x88\xb0\xe6\x90\x9c\xe7\xb4\xa2\xe5\xad\x97\xe7\xac\xa6\xe4\xb8\xb2", "\xe6\xa4\x9c\xe7\xb4\xa2\xe6\x96\x87\xe5\xad\x97\xe5\x88\x97\xe3\x81\x8c\xe8\xa6\x8b\xe3\x81\xa4\xe3\x81\x8b\xe3\x82\x8a\xe3\x81\xbe\xe3\x81\x9b\xe3\x82\x93"},  // FindNone
    {"Game folders", "Spielordner", "\xe6\xb8\xb8\xe6\x88\x8f\xe7\x9b\xae\xe5\xbd\x95", "\xe3\x82\xb2\xe3\x83\xbc\xe3\x83\xa0\xe3\x83\x95\xe3\x82\xa9\xe3\x83\xab\xe3\x83\x80\xe3\x83\xbc"},  // PathsTitle
    {"same map:", "gleiche Karte:", "\xe7\x9b\xb8\xe5\x90\x8c\xe5\x9c\xb0\xe5\x9b\xbe\xef\xbc\x9a", "\xe5\x90\x8c\xe3\x81\x98\xe3\x83\x9e\xe3\x83\x83\xe3\x83\x97:"},  // MissionSharesMap
    {"Scripts together", "Skripte im Zusammenspiel", "\xe8\x84\x9a\xe6\x9c\xac\xe5\x8d\x8f\xe4\xbd\x9c", "\xe3\x82\xb9\xe3\x82\xaf\xe3\x83\xaa\xe3\x83\x97\xe3\x83\x88\xe9\x80\xa3\xe6\x90\xba"},  // InterplayTitle
    {"Signals", "Signale", "\xe4\xbf\xa1\xe5\x8f\xb7", "\xe3\x82\xb7\xe3\x82\xb0\xe3\x83\x8a\xe3\x83\xab"},  // InterplaySignals
    {"Camera", "Kamera", "\xe6\x91\x84\xe5\x83\x8f\xe6\x9c\xba", "\xe3\x82\xab\xe3\x83\xa1\xe3\x83\xa9"},  // InterplayCamera
    {"No scripts open", "Keine Skripte offen", "\xe6\x9c\xaa\xe6\x89\x93\xe5\xbc\x80\xe8\x84\x9a\xe6\x9c\xac", "\xe3\x82\xb9\xe3\x82\xaf\xe3\x83\xaa\xe3\x83\x97\xe3\x83\x88\xe3\x81\xaa\xe3\x81\x97"},  // InterplayNoScripts
    {"nobody waits for it", "niemand wartet darauf", "\xe6\x97\xa0\xe4\xba\xba\xe7\xad\x89\xe5\xbe\x85", "\xe5\xbe\x85\xe6\xa9\x9f\xe8\x80\x85\xe3\x81\xaa\xe3\x81\x97"},  // InterplayOrphan
    {"nobody sends it", "niemand sendet es", "\xe6\x97\xa0\xe4\xba\xba\xe5\x8f\x91\xe9\x80\x81", "\xe9\x80\x81\xe4\xbf\xa1\xe8\x80\x85\xe3\x81\xaa\xe3\x81\x97"},  // InterplayStuck
    {"more than one script drives the camera", "mehr als ein Skript treibt die Kamera", "\xe5\xa4\x9a\xe4\xb8\xaa\xe8\x84\x9a\xe6\x9c\xac\xe6\x8e\xa7\xe5\x88\xb6\xe6\x91\x84\xe5\x83\x8f\xe6\x9c\xba", "\xe8\xa4\x87\xe6\x95\xb0\xe3\x81\xae\xe3\x82\xb9\xe3\x82\xaf\xe3\x83\xaa\xe3\x83\x97\xe3\x83\x88\xe3\x81\x8c\xe3\x82\xab\xe3\x83\xa1\xe3\x83\xa9\xe3\x82\x92\xe6\x93\x8d\xe4\xbd\x9c"},  // InterplayCameraWarn
    {"%d archives, %d files", "%d Archive, %d Dateien", "%d \xe4\xb8\xaa\xe5\xbd\x92\xe6\xa1\xa3\xef\xbc\x8c%d \xe4\xb8\xaa\xe6\x96\x87\xe4\xbb\xb6", "%d \xe5\x80\x8b\xe3\x81\xae\xe3\x82\xa2\xe3\x83\xbc\xe3\x82\xab\xe3\x82\xa4\xe3\x83\x96, %d \xe3\x83\x95\xe3\x82\xa1\xe3\x82\xa4\xe3\x83\xab"},  // PrefsArchives
    {"insert", "Einf\xc3\xbcgen", "\xe6\x8f\x92\xe5\x85\xa5", "\xe6\x8c\xbf\xe5\x85\xa5"},  // StepInsert
    {"delete", "L\xc3\xb6schen", "\xe5\x88\xa0\xe9\x99\xa4", "\xe5\x89\x8a\xe9\x99\xa4"},  // StepDelete
    {"clone", "Klonen", "\xe5\xa4\x8d\xe5\x88\xb6", "\xe8\xa4\x87\xe8\xa3\xbd"},  // StepClone
    {"move", "Verschieben", "\xe7\xa7\xbb\xe5\x8a\xa8", "\xe7\xa7\xbb\xe5\x8b\x95"},  // StepMove
    {"comment out", "Auskommentieren", "\xe6\xb3\xa8\xe9\x87\x8a\xe6\x8e\x89", "\xe3\x82\xb3\xe3\x83\xa1\xe3\x83\xb3\xe3\x83\x88\xe5\x8c\x96"},  // StepComment
    {"uncomment", "Entkommentieren", "\xe5\x8f\x96\xe6\xb6\x88\xe6\xb3\xa8\xe9\x87\x8a", "\xe3\x82\xb3\xe3\x83\xa1\xe3\x83\xb3\xe3\x83\x88\xe8\xa7\xa3\xe9\x99\xa4"},  // StepUncomment
    {"edit", "\xc3\x84ndern", "\xe7\xbc\x96\xe8\xbe\x91", "\xe7\xb7\xa8\xe9\x9b\x86"},  // StepEdit
    {"paste", "Einf\xc3\xbcgen", "\xe7\xb2\x98\xe8\xb4\xb4", "\xe8\xb2\xbc\xe3\x82\x8a\xe4\xbb\x98\xe3\x81\x91"},  // StepPaste
    {"Undo: %s", "R\xc3\xbc" "ckg\xc3\xa4ngig: %s", "\xe6\x92\xa4\xe9\x94\x80\xef\xbc\x9a%s", "\xe5\x85\x83\xe3\x81\xab\xe6\x88\xbb\xe3\x81\x99: %s"},  // UndoOf
    {"inserted", "eingef\xc3\xbcgt", "\xe6\x8f\x92\xe5\x85\xa5", "\xe6\x8c\xbf\xe5\x85\xa5"},  // ChangeAdded
    {"deleted", "gel\xc3\xb6scht", "\xe5\x88\xa0\xe9\x99\xa4", "\xe5\x89\x8a\xe9\x99\xa4"},  // ChangeRemoved
    {"changed", "ge\xc3\xa4ndert", "\xe4\xbf\xae\xe6\x94\xb9", "\xe5\xa4\x89\xe6\x9b\xb4"},  // ChangeEdited
    {"moved", "verschoben", "\xe7\xa7\xbb\xe5\x8a\xa8", "\xe7\xa7\xbb\xe5\x8b\x95"},  // ChangeMoved
    {"Update", "Update", "\xe6\x9b\xb4\xe6\x96\xb0", "\xe3\x82\xa2\xe3\x83\x83\xe3\x83\x97\xe3\x83\x87\xe3\x83\xbc\xe3\x83\x88"},  // UpdTitle
    {"Check for updates...", "Nach Updates suchen...", "\xe6\xa3\x80\xe6\x9f\xa5\xe6\x9b\xb4\xe6\x96\xb0...", "\xe3\x82\xa2\xe3\x83\x83\xe3\x83\x97\xe3\x83\x87\xe3\x83\xbc\xe3\x83\x88\xe3\x82\x92\xe7\xa2\xba\xe8\xaa\x8d..."},  // UpdMenu
    {"Check for updates at startup", "Beim Start nach Updates suchen", "\xe5\x90\xaf\xe5\x8a\xa8\xe6\x97\xb6\xe6\xa3\x80\xe6\x9f\xa5\xe6\x9b\xb4\xe6\x96\xb0", "\xe8\xb5\xb7\xe5\x8b\x95\xe6\x99\x82\xe3\x81\xab\xe3\x82\xa2\xe3\x83\x83\xe3\x83\x97\xe3\x83\x87\xe3\x83\xbc\xe3\x83\x88\xe3\x82\x92\xe7\xa2\xba\xe8\xaa\x8d"},  // UpdAutoCheck
    {"Installed: %s", "Installiert: %s", "\xe5\xb7\xb2\xe5\xae\x89\xe8\xa3\x85\xef\xbc\x9a%s", "\xe3\x82\xa4\xe3\x83\xb3\xe3\x82\xb9\xe3\x83\x88\xe3\x83\xbc\xe3\x83\xab\xe6\xb8\x88\xe3\x81\xbf: %s"},  // UpdInstalled
    {"Checking GitHub for a newer version...", "Frage GitHub nach einer neueren Fassung...", "\xe6\xad\xa3\xe5\x9c\xa8 GitHub \xe4\xb8\x8a\xe6\xa3\x80\xe6\x9f\xa5\xe6\x96\xb0\xe7\x89\x88\xe6\x9c\xac...", "GitHub \xe3\x81\xa7\xe6\x96\xb0\xe3\x81\x97\xe3\x81\x84\xe3\x83\x90\xe3\x83\xbc\xe3\x82\xb8\xe3\x83\xa7\xe3\x83\xb3\xe3\x82\x92\xe7\xa2\xba\xe8\xaa\x8d\xe4\xb8\xad..."},  // UpdChecking
    {"You have the newest version.", "Du hast die neueste Fassung.", "\xe5\xb7\xb2\xe6\x98\xaf\xe6\x9c\x80\xe6\x96\xb0\xe7\x89\x88\xe6\x9c\xac\xe3\x80\x82", "\xe6\x9c\x80\xe6\x96\xb0\xe3\x83\x90\xe3\x83\xbc\xe3\x82\xb8\xe3\x83\xa7\xe3\x83\xb3\xe3\x81\xa7\xe3\x81\x99\xe3\x80\x82"},  // UpdCurrent
    {"New version available: %s", "Neue Fassung verf\xc3\xbcgbar: %s", "\xe6\x9c\x89\xe6\x96\xb0\xe7\x89\x88\xe6\x9c\xac\xef\xbc\x9a%s", "\xe6\x96\xb0\xe3\x81\x97\xe3\x81\x84\xe3\x83\x90\xe3\x83\xbc\xe3\x82\xb8\xe3\x83\xa7\xe3\x83\xb3: %s"},  // UpdAvailable
    {"What's new:", "Was ist neu:", "\xe6\x9b\xb4\xe6\x96\xb0\xe5\x86\x85\xe5\xae\xb9\xef\xbc\x9a", "\xe6\x96\xb0\xe6\xa9\x9f\xe8\x83\xbd:"},  // UpdNotes
    {"Download and install", "Herunterladen und installieren", "\xe4\xb8\x8b\xe8\xbd\xbd\xe5\xb9\xb6\xe5\xae\x89\xe8\xa3\x85", "\xe3\x83\x80\xe3\x82\xa6\xe3\x83\xb3\xe3\x83\xad\xe3\x83\xbc\xe3\x83\x89\xe3\x81\x97\xe3\x81\xa6\xe3\x82\xa4\xe3\x83\xb3\xe3\x82\xb9\xe3\x83\x88\xe3\x83\xbc\xe3\x83\xab"},  // UpdInstall
    {"Installed (%d files). Restart to use the new version.", "Installiert (%d Dateien). Neu starten, um die neue Fassung zu benutzen.", "\xe5\xb7\xb2\xe5\xae\x89\xe8\xa3\x85\xef\xbc\x88%d \xe4\xb8\xaa\xe6\x96\x87\xe4\xbb\xb6\xef\xbc\x89\xe3\x80\x82\xe9\x87\x8d\xe6\x96\xb0\xe5\x90\xaf\xe5\x8a\xa8\xe4\xbb\xa5\xe4\xbd\xbf\xe7\x94\xa8\xe6\x96\xb0\xe7\x89\x88\xe6\x9c\xac\xe3\x80\x82", "\xe3\x82\xa4\xe3\x83\xb3\xe3\x82\xb9\xe3\x83\x88\xe3\x83\xbc\xe3\x83\xab\xe5\xae\x8c\xe4\xba\x86\xef\xbc\x88%d \xe3\x83\x95\xe3\x82\xa1\xe3\x82\xa4\xe3\x83\xab\xef\xbc\x89\xe3\x80\x82\xe5\x86\x8d\xe8\xb5\xb7\xe5\x8b\x95\xe3\x81\xa7\xe6\x96\xb0\xe3\x83\x90\xe3\x83\xbc\xe3\x82\xb8\xe3\x83\xa7\xe3\x83\xb3\xe3\x81\xab\xe3\x81\xaa\xe3\x82\x8a\xe3\x81\xbe\xe3\x81\x99\xe3\x80\x82"},  // UpdDone
    {"Restart now", "Jetzt neu starten", "\xe7\xab\x8b\xe5\x8d\xb3\xe9\x87\x8d\xe6\x96\xb0\xe5\x90\xaf\xe5\x8a\xa8", "\xe4\xbb\x8a\xe3\x81\x99\xe3\x81\x90\xe5\x86\x8d\xe8\xb5\xb7\xe5\x8b\x95"},  // UpdRestart
    {"Check again", "Erneut pr\xc3\xbc" "fen", "\xe5\x86\x8d\xe6\xac\xa1\xe6\xa3\x80\xe6\x9f\xa5", "\xe5\x86\x8d\xe7\xa2\xba\xe8\xaa\x8d"},  // UpdRetry
    {"Open release page", "Release-Seite \xc3\xb6" "ffnen", "\xe6\x89\x93\xe5\xbc\x80\xe5\x8f\x91\xe5\xb8\x83\xe9\xa1\xb5\xe9\x9d\xa2", "\xe3\x83\xaa\xe3\x83\xaa\xe3\x83\xbc\xe3\x82\xb9\xe3\x83\x9a\xe3\x83\xbc\xe3\x82\xb8\xe3\x82\x92\xe9\x96\x8b\xe3\x81\x8f"},  // UpdOpenPage
    {"Later", "Sp\xc3\xa4ter", "\xe7\xa8\x8d\xe5\x90\x8e", "\xe5\xbe\x8c\xe3\x81\xa7"},  // UpdLater
    {"Update failed: %s", "Update fehlgeschlagen: %s", "\xe6\x9b\xb4\xe6\x96\xb0\xe5\xa4\xb1\xe8\xb4\xa5\xef\xbc\x9a%s", "\xe3\x82\xa2\xe3\x83\x83\xe3\x83\x97\xe3\x83\x87\xe3\x83\xbc\xe3\x83\x88\xe5\xa4\xb1\xe6\x95\x97: %s"},  // UpdError
    {"GitHub refuses the request right now (too many requests without sign-in). Please try again later.", "GitHub lehnt die Anfrage gerade ab (zu viele Anfragen ohne Anmeldung). Bitte sp\xc3\xa4ter erneut versuchen.", "GitHub \xe6\x9a\x82\xe6\x97\xb6\xe6\x8b\x92\xe7\xbb\x9d\xe8\xaf\xb7\xe6\xb1\x82\xef\xbc\x88\xe6\x9c\xaa\xe7\x99\xbb\xe5\xbd\x95\xe8\xaf\xb7\xe6\xb1\x82\xe8\xbf\x87\xe5\xa4\x9a\xef\xbc\x89\xe3\x80\x82\xe8\xaf\xb7\xe7\xa8\x8d\xe5\x90\x8e\xe5\x86\x8d\xe8\xaf\x95\xe3\x80\x82", "GitHub \xe3\x81\x8c\xe7\x8f\xbe\xe5\x9c\xa8\xe3\x83\xaa\xe3\x82\xaf\xe3\x82\xa8\xe3\x82\xb9\xe3\x83\x88\xe3\x82\x92\xe6\x8b\x92\xe5\x90\xa6\xe3\x81\x97\xe3\x81\xa6\xe3\x81\x84\xe3\x81\xbe\xe3\x81\x99\xef\xbc\x88\xe6\x9c\xaa\xe3\x83\xad\xe3\x82\xb0\xe3\x82\xa4\xe3\x83\xb3\xe3\x81\xae\xe3\x83\xaa\xe3\x82\xaf\xe3\x82\xa8\xe3\x82\xb9\xe3\x83\x88\xe3\x81\x8c\xe5\xa4\x9a\xe3\x81\x99\xe3\x81\x8e\xe3\x81\xbe\xe3\x81\x99\xef\xbc\x89\xe3\x80\x82\xe5\xbe\x8c\xe3\x81\xa7\xe3\x82\x82\xe3\x81\x86\xe4\xb8\x80\xe5\xba\xa6\xe3\x81\x8a\xe8\xa9\xa6\xe3\x81\x97\xe3\x81\x8f\xe3\x81\xa0\xe3\x81\x95\xe3\x81\x84\xe3\x80\x82"},  // UpdNoAccess
    {"No release found on GitHub.", "Auf GitHub ist kein Release zu finden.", "GitHub \xe4\xb8\x8a\xe6\xb2\xa1\xe6\x9c\x89\xe5\x8f\x91\xe5\xb8\x83\xe7\x89\x88\xe6\x9c\xac\xe3\x80\x82", "GitHub \xe3\x81\xab\xe3\x83\xaa\xe3\x83\xaa\xe3\x83\xbc\xe3\x82\xb9\xe3\x81\x8c\xe3\x81\x82\xe3\x82\x8a\xe3\x81\xbe\xe3\x81\x9b\xe3\x82\x93\xe3\x80\x82"},  // UpdNoRelease
    {"The release has no .zip file.", "Das Release enth\xc3\xa4lt keine .zip-Datei.", "\xe8\xaf\xa5\xe5\x8f\x91\xe5\xb8\x83\xe6\xb2\xa1\xe6\x9c\x89 .zip \xe6\x96\x87\xe4\xbb\xb6\xe3\x80\x82", "\xe3\x83\xaa\xe3\x83\xaa\xe3\x83\xbc\xe3\x82\xb9\xe3\x81\xab .zip \xe3\x83\x95\xe3\x82\xa1\xe3\x82\xa4\xe3\x83\xab\xe3\x81\x8c\xe3\x81\x82\xe3\x82\x8a\xe3\x81\xbe\xe3\x81\x9b\xe3\x82\x93\xe3\x80\x82"},  // UpdNoZip
    {"Update %s available - click", "Update %s verf\xc3\xbcgbar - klicken", "\xe6\x9c\x89\xe6\x9b\xb4\xe6\x96\xb0 %s - \xe7\x82\xb9\xe5\x87\xbb", "\xe3\x82\xa2\xe3\x83\x83\xe3\x83\x97\xe3\x83\x87\xe3\x83\xbc\xe3\x83\x88 %s \xe3\x81\x82\xe3\x82\x8a - \xe3\x82\xaf\xe3\x83\xaa\xe3\x83\x83\xe3\x82\xaf"},  // UpdStatusAvail
    {"Update installed - click to restart", "Update installiert - klicken zum Neustart", "\xe6\x9b\xb4\xe6\x96\xb0\xe5\xb7\xb2\xe5\xae\x89\xe8\xa3\x85 - \xe7\x82\xb9\xe5\x87\xbb\xe9\x87\x8d\xe6\x96\xb0\xe5\x90\xaf\xe5\x8a\xa8", "\xe3\x82\xa2\xe3\x83\x83\xe3\x83\x97\xe3\x83\x87\xe3\x83\xbc\xe3\x83\x88\xe5\xae\x8c\xe4\xba\x86 - \xe3\x82\xaf\xe3\x83\xaa\xe3\x83\x83\xe3\x82\xaf\xe3\x81\xa7\xe5\x86\x8d\xe8\xb5\xb7\xe5\x8b\x95"},  // UpdStatusDone
    {"Undo history (%d): %s", "R\xc3\xbc" "ckg\xc3\xa4ngig-Liste (%d): %s", "\xe6\x92\xa4\xe9\x94\x80\xe5\x8e\x86\xe5\x8f\xb2 (%d)\xef\xbc\x9a%s", "\xe5\x85\x83\xe3\x81\xab\xe6\x88\xbb\xe3\x81\x99\xe5\xb1\xa5\xe6\xad\xb4 (%d): %s"},  // UndoHistoryStatus
    {"Address not readable%s", "Adresse nicht lesbar%s", "\xe5\x9c\xb0\xe5\x9d\x80\xe6\x97\xa0\xe6\xb3\x95\xe8\xaf\xbb\xe5\x8f\x96%s", "\xe3\x82\xa2\xe3\x83\x89\xe3\x83\xac\xe3\x82\xb9\xe3\x82\x92\xe8\xaa\xad\xe3\x82\x81\xe3\x81\xbe\xe3\x81\x9b\xe3\x82\x93%s"},  // UpdErrUrl
    {"WinHTTP is not available%s", "WinHTTP ist nicht verf\xc3\xbcgbar%s", "WinHTTP \xe4\xb8\x8d\xe5\x8f\xaf\xe7\x94\xa8%s", "WinHTTP \xe3\x81\x8c\xe4\xbd\xbf\xe3\x81\x88\xe3\x81\xbe\xe3\x81\x9b\xe3\x82\x93%s"},  // UpdErrHttp
    {"Cannot connect to %s", "Keine Verbindung zu %s", "\xe6\x97\xa0\xe6\xb3\x95\xe8\xbf\x9e\xe6\x8e\xa5\xe5\x88\xb0 %s", "%s \xe3\x81\xab\xe6\x8e\xa5\xe7\xb6\x9a\xe3\x81\xa7\xe3\x81\x8d\xe3\x81\xbe\xe3\x81\x9b\xe3\x82\x93"},  // UpdErrConnect
    {"No answer from %s (error %lld)", "Keine Antwort von %s (Fehler %lld)", "%s \xe6\x97\xa0\xe5\x93\x8d\xe5\xba\x94\xef\xbc\x88\xe9\x94\x99\xe8\xaf\xaf %lld\xef\xbc\x89", "%s \xe3\x81\x8b\xe3\x82\x89\xe5\xbf\x9c\xe7\xad\x94\xe3\x81\x8c\xe3\x81\x82\xe3\x82\x8a\xe3\x81\xbe\xe3\x81\x9b\xe3\x82\x93\xef\xbc\x88\xe3\x82\xa8\xe3\x83\xa9\xe3\x83\xbc %lld\xef\xbc\x89"},  // UpdErrNoAnswer
    {"Download interrupted%s", "Download abgebrochen%s", "\xe4\xb8\x8b\xe8\xbd\xbd\xe4\xb8\xad\xe6\x96\xad%s", "\xe3\x83\x80\xe3\x82\xa6\xe3\x83\xb3\xe3\x83\xad\xe3\x83\xbc\xe3\x83\x89\xe3\x81\x8c\xe4\xb8\xad\xe6\x96\xad\xe3\x81\x95\xe3\x82\x8c\xe3\x81\xbe\xe3\x81\x97\xe3\x81\x9f%s"},  // UpdErrAbort
    {"Unexpected answer from GitHub: %s (HTTP %lld)", "Unerwartete Antwort von GitHub: %s (HTTP %lld)", "GitHub \xe8\xbf\x94\xe5\x9b\x9e\xe6\x84\x8f\xe5\xa4\x96\xe5\x93\x8d\xe5\xba\x94\xef\xbc\x9a%s\xef\xbc\x88HTTP %lld\xef\xbc\x89", "GitHub \xe3\x81\x8b\xe3\x82\x89\xe4\xba\x88\xe6\x9c\x9f\xe3\x81\x97\xe3\x81\xaa\xe3\x81\x84\xe5\xbf\x9c\xe7\xad\x94: %s\xef\xbc\x88HTTP %lld\xef\xbc\x89"},  // UpdErrBadAnswer
    {"The downloaded .zip cannot be read: %s", "Das geladene .zip ist nicht lesbar: %s", "\xe4\xb8\x8b\xe8\xbd\xbd\xe7\x9a\x84 .zip \xe6\x97\xa0\xe6\xb3\x95\xe8\xaf\xbb\xe5\x8f\x96\xef\xbc\x9a%s", "\xe3\x83\x80\xe3\x82\xa6\xe3\x83\xb3\xe3\x83\xad\xe3\x83\xbc\xe3\x83\x89\xe3\x81\x97\xe3\x81\x9f .zip \xe3\x82\x92\xe8\xaa\xad\xe3\x82\x81\xe3\x81\xbe\xe3\x81\x9b\xe3\x82\x93: %s"},  // UpdErrZip
    {"%s cannot be written", "%s l\xc3\xa4sst sich nicht schreiben", "%s \xe6\x97\xa0\xe6\xb3\x95\xe5\x86\x99\xe5\x85\xa5", "%s \xe3\x82\x92\xe6\x9b\xb8\xe3\x81\x8d\xe8\xbe\xbc\xe3\x82\x81\xe3\x81\xbe\xe3\x81\x9b\xe3\x82\x93"},  // UpdErrWrite
    {"%s cannot be replaced (error %lld)", "%s l\xc3\xa4sst sich nicht ersetzen (Fehler %lld)", "%s \xe6\x97\xa0\xe6\xb3\x95\xe6\x9b\xbf\xe6\x8d\xa2\xef\xbc\x88\xe9\x94\x99\xe8\xaf\xaf %lld\xef\xbc\x89", "%s \xe3\x82\x92\xe7\xbd\xae\xe3\x81\x8d\xe6\x8f\x9b\xe3\x81\x88\xe3\x82\x89\xe3\x82\x8c\xe3\x81\xbe\xe3\x81\x9b\xe3\x82\x93\xef\xbc\x88\xe3\x82\xa8\xe3\x83\xa9\xe3\x83\xbc %lld\xef\xbc\x89"},  // UpdErrReplace
    {"Restart failed%s (error %lld)", "Neustart fehlgeschlagen%s (Fehler %lld)", "\xe9\x87\x8d\xe6\x96\xb0\xe5\x90\xaf\xe5\x8a\xa8\xe5\xa4\xb1\xe8\xb4\xa5%s\xef\xbc\x88\xe9\x94\x99\xe8\xaf\xaf %lld\xef\xbc\x89", "\xe5\x86\x8d\xe8\xb5\xb7\xe5\x8b\x95\xe3\x81\xab\xe5\xa4\xb1\xe6\x95\x97\xe3\x81\x97\xe3\x81\xbe\xe3\x81\x97\xe3\x81\x9f%s\xef\xbc\x88\xe3\x82\xa8\xe3\x83\xa9\xe3\x83\xbc %lld\xef\xbc\x89"},  // UpdErrRestart
    {"Undo up to here", "Bis hierher r\xc3\xbc" "ckg\xc3\xa4ngig", "\xe6\x92\xa4\xe9\x94\x80\xe5\x88\xb0\xe6\xad\xa4\xe5\xa4\x84", "\xe3\x81\x93\xe3\x81\x93\xe3\x81\xbe\xe3\x81\xa7\xe5\x85\x83\xe3\x81\xab\xe6\x88\xbb\xe3\x81\x99"},  // UndoUpToHere
    {"Undoes the selected step and all newer ones above it", "Nimmt den markierten Schritt und alle neueren dar\xc3\xbc" "ber zur\xc3\xbc" "ck", "\xe6\x92\xa4\xe9\x94\x80\xe6\x89\x80\xe9\x80\x89\xe6\xad\xa5\xe9\xaa\xa4\xe5\x8f\x8a\xe5\x85\xb6\xe4\xb8\x8a\xe6\x96\xb9\xe6\x89\x80\xe6\x9c\x89\xe8\xbe\x83\xe6\x96\xb0\xe7\x9a\x84\xe6\xad\xa5\xe9\xaa\xa4", "\xe9\x81\xb8\xe6\x8a\x9e\xe3\x81\x97\xe3\x81\x9f\xe6\x89\x8b\xe9\xa0\x86\xe3\x81\xa8\xe3\x81\x9d\xe3\x81\xae\xe4\xb8\x8a\xe3\x81\xae\xe6\x96\xb0\xe3\x81\x97\xe3\x81\x84\xe6\x89\x8b\xe9\xa0\x86\xe3\x82\x92\xe3\x81\x99\xe3\x81\xb9\xe3\x81\xa6\xe5\x85\x83\xe3\x81\xab\xe6\x88\xbb\xe3\x81\x97\xe3\x81\xbe\xe3\x81\x99"},  // UndoUpToHereHint
    {"Redo up to here", "Bis hierher wiederholen", "\xe9\x87\x8d\xe5\x81\x9a\xe5\x88\xb0\xe6\xad\xa4\xe5\xa4\x84", "\xe3\x81\x93\xe3\x81\x93\xe3\x81\xbe\xe3\x81\xa7\xe3\x82\x84\xe3\x82\x8a\xe7\x9b\xb4\xe3\x81\x99"},  // RedoUpToHere
    {"Redoes the selected step and all steps above it", "Wiederholt den markierten Schritt und alle dar\xc3\xbc" "ber", "\xe9\x87\x8d\xe5\x81\x9a\xe6\x89\x80\xe9\x80\x89\xe6\xad\xa5\xe9\xaa\xa4\xe5\x8f\x8a\xe5\x85\xb6\xe4\xb8\x8a\xe6\x96\xb9\xe6\x89\x80\xe6\x9c\x89\xe6\xad\xa5\xe9\xaa\xa4", "\xe9\x81\xb8\xe6\x8a\x9e\xe3\x81\x97\xe3\x81\x9f\xe6\x89\x8b\xe9\xa0\x86\xe3\x81\xa8\xe3\x81\x9d\xe3\x81\xae\xe4\xb8\x8a\xe3\x81\xae\xe6\x89\x8b\xe9\xa0\x86\xe3\x82\x92\xe3\x81\x99\xe3\x81\xb9\xe3\x81\xa6\xe3\x82\x84\xe3\x82\x8a\xe7\x9b\xb4\xe3\x81\x97\xe3\x81\xbe\xe3\x81\x99"},  // RedoUpToHereHint
    {"Undo only this step", "Nur diesen Schritt r\xc3\xbc" "ckg\xc3\xa4ngig", "\xe4\xbb\x85\xe6\x92\xa4\xe9\x94\x80\xe6\xad\xa4\xe6\xad\xa5\xe9\xaa\xa4", "\xe3\x81\x93\xe3\x81\xae\xe6\x89\x8b\xe9\xa0\x86\xe3\x81\xa0\xe3\x81\x91\xe5\x85\x83\xe3\x81\xab\xe6\x88\xbb\xe3\x81\x99"},  // UndoOnlyThis
    {"Undoes only the clicked step - everything done after it stays", "Nimmt nur den angeklickten Schritt zur\xc3\xbc" "ck - alles, was danach kam, bleibt", "\xe4\xbb\x85\xe6\x92\xa4\xe9\x94\x80\xe6\x89\x80\xe7\x82\xb9\xe5\x87\xbb\xe7\x9a\x84\xe6\xad\xa5\xe9\xaa\xa4 - \xe4\xb9\x8b\xe5\x90\x8e\xe7\x9a\x84\xe6\x93\x8d\xe4\xbd\x9c\xe4\xbf\x9d\xe6\x8c\x81\xe4\xb8\x8d\xe5\x8f\x98", "\xe3\x82\xaf\xe3\x83\xaa\xe3\x83\x83\xe3\x82\xaf\xe3\x81\x97\xe3\x81\x9f\xe6\x89\x8b\xe9\xa0\x86\xe3\x81\xa0\xe3\x81\x91\xe3\x82\x92\xe5\x85\x83\xe3\x81\xab\xe6\x88\xbb\xe3\x81\x97\xe3\x81\xbe\xe3\x81\x99 - \xe3\x81\x9d\xe3\x82\x8c\xe4\xbb\xa5\xe9\x99\x8d\xe3\x81\xae\xe6\x93\x8d\xe4\xbd\x9c\xe3\x81\xaf\xe3\x81\x9d\xe3\x81\xae\xe3\x81\xbe\xe3\x81\xbe"},  // UndoOnlyThisHint
    {"undo of one step", "einzelner Schritt zur\xc3\xbc" "ckgenommen", "\xe6\x92\xa4\xe9\x94\x80\xe5\x8d\x95\xe4\xb8\xaa\xe6\xad\xa5\xe9\xaa\xa4", "\xe5\x8d\x98\xe4\xb8\x80\xe6\x89\x8b\xe9\xa0\x86\xe3\x81\xae\xe5\x8f\x96\xe3\x82\x8a\xe6\xb6\x88\xe3\x81\x97"},  // StepSelectiveUndo
    {"Open backup folder", "Sicherungsordner \xc3\xb6" "ffnen", "\xe6\x89\x93\xe5\xbc\x80\xe5\xa4\x87\xe4\xbb\xbd\xe6\x96\x87\xe4\xbb\xb6\xe5\xa4\xb9", "\xe3\x83\x90\xe3\x83\x83\xe3\x82\xaf\xe3\x82\xa2\xe3\x83\x83\xe3\x83\x97\xe3\x83\x95\xe3\x82\xa9\xe3\x83\xab\xe3\x83\x80\xe3\x83\xbc\xe3\x82\x92\xe9\x96\x8b\xe3\x81\x8f"},  // FileBackupFolder
    {"Every save and compile keeps a copy: backup1.txt (newest) to backup10.txt, next to behaved.exe", "Jedes Speichern und Kompilieren legt eine Kopie ab: backup1.txt (neueste) bis backup10.txt, neben behaved.exe", "\xe6\xaf\x8f\xe6\xac\xa1\xe4\xbf\x9d\xe5\xad\x98\xe5\x92\x8c\xe7\xbc\x96\xe8\xaf\x91\xe9\x83\xbd\xe4\xbc\x9a\xe4\xbf\x9d\xe7\x95\x99\xe5\x89\xaf\xe6\x9c\xac\xef\xbc\x9a" "backup1.txt\xef\xbc\x88\xe6\x9c\x80\xe6\x96\xb0\xef\xbc\x89\xe5\x88\xb0 backup10.txt\xef\xbc\x8c\xe4\xbd\x8d\xe4\xba\x8e behaved.exe \xe6\x97\x81", "\xe4\xbf\x9d\xe5\xad\x98\xe3\x81\xa8\xe3\x82\xb3\xe3\x83\xb3\xe3\x83\x91\xe3\x82\xa4\xe3\x83\xab\xe3\x81\xae\xe3\x81\x9f\xe3\x81\xb3\xe3\x81\xab\xe3\x82\xb3\xe3\x83\x94\xe3\x83\xbc\xe3\x82\x92\xe6\xae\x8b\xe3\x81\x97\xe3\x81\xbe\xe3\x81\x99: backup1.txt\xef\xbc\x88\xe6\x9c\x80\xe6\x96\xb0\xef\xbc\x89\xe3\x80\x9c backup10.txt\xe3\x80\x81" "behaved.exe \xe3\x81\xae\xe9\x9a\xa3"},  // FileBackupFolderHint
    {"Undo: %d steps", "R\xc3\xbc" "ckg\xc3\xa4ngig: %d Schritte", "\xe6\x92\xa4\xe9\x94\x80\xef\xbc\x9a%d \xe6\xad\xa5", "\xe5\x85\x83\xe3\x81\xab\xe6\x88\xbb\xe3\x81\x99: %d \xe6\x89\x8b\xe9\xa0\x86"},  // UndoSteps
    {"Redo: %d steps", "Wiederholen: %d Schritte", "\xe9\x87\x8d\xe5\x81\x9a\xef\xbc\x9a%d \xe6\xad\xa5", "\xe3\x82\x84\xe3\x82\x8a\xe7\x9b\xb4\xe3\x81\x97: %d \xe6\x89\x8b\xe9\xa0\x86"},  // RedoSteps
    {"Undo history - newest at the top", "R\xc3\xbc" "ckg\xc3\xa4ngig-Liste - neuester oben", "\xe6\x92\xa4\xe9\x94\x80\xe5\x8e\x86\xe5\x8f\xb2 - \xe6\x9c\x80\xe6\x96\xb0\xe5\x9c\xa8\xe4\xb8\x8a", "\xe5\x85\x83\xe3\x81\xab\xe6\x88\xbb\xe3\x81\x99\xe5\xb1\xa5\xe6\xad\xb4 - \xe6\x96\xb0\xe3\x81\x97\xe3\x81\x84\xe9\xa0\x86"},  // UndoListTitle
    {"Redo history - next at the top", "Wiederholen-Liste - n\xc3\xa4" "chster oben", "\xe9\x87\x8d\xe5\x81\x9a\xe5\x8e\x86\xe5\x8f\xb2 - \xe4\xb8\x8b\xe4\xb8\x80\xe6\xad\xa5\xe5\x9c\xa8\xe4\xb8\x8a", "\xe3\x82\x84\xe3\x82\x8a\xe7\x9b\xb4\xe3\x81\x97\xe5\xb1\xa5\xe6\xad\xb4 - \xe6\xac\xa1\xe3\x81\x8c\xe4\xb8\x8a"},  // RedoListTitle
    {"Nothing to undo", "Nichts r\xc3\xbc" "ckg\xc3\xa4ngig zu machen", "\xe6\xb2\xa1\xe6\x9c\x89\xe5\x8f\xaf\xe6\x92\xa4\xe9\x94\x80\xe7\x9a\x84\xe6\x93\x8d\xe4\xbd\x9c", "\xe5\x85\x83\xe3\x81\xab\xe6\x88\xbb\xe3\x81\x99\xe6\x93\x8d\xe4\xbd\x9c\xe3\x81\xaf\xe3\x81\x82\xe3\x82\x8a\xe3\x81\xbe\xe3\x81\x9b\xe3\x82\x93"},  // UndoListEmpty
    {"Click: show the undo history (all steps)", "Klick: R\xc3\xbc" "ckg\xc3\xa4ngig-Liste zeigen (alle Schritte)", "\xe5\x8d\x95\xe5\x87\xbb\xef\xbc\x9a\xe6\x98\xbe\xe7\xa4\xba\xe6\x92\xa4\xe9\x94\x80\xe5\x8e\x86\xe5\x8f\xb2\xef\xbc\x88\xe6\x89\x80\xe6\x9c\x89\xe6\xad\xa5\xe9\xaa\xa4\xef\xbc\x89", "\xe3\x82\xaf\xe3\x83\xaa\xe3\x83\x83\xe3\x82\xaf\xef\xbc\x9a\xe5\x85\x83\xe3\x81\xab\xe6\x88\xbb\xe3\x81\x99\xe5\xb1\xa5\xe6\xad\xb4\xe3\x82\x92\xe8\xa1\xa8\xe7\xa4\xba\xef\xbc\x88\xe5\x85\xa8\xe6\x89\x8b\xe9\xa0\x86\xef\xbc\x89"},  // UndoListHint
    {"Undo history...", "R\xc3\xbc" "ckg\xc3\xa4ngig-Liste...", "\xe6\x92\xa4\xe9\x94\x80\xe5\x8e\x86\xe5\x8f\xb2...", "\xe5\x85\x83\xe3\x81\xab\xe6\x88\xbb\xe3\x81\x99\xe5\xb1\xa5\xe6\xad\xb4..."},  // UndoListMenu
    {"Redo: %s", "Wiederholen: %s", "\xe9\x87\x8d\xe5\x81\x9a\xef\xbc\x9a%s", "\xe3\x82\x84\xe3\x82\x8a\xe7\x9b\xb4\xe3\x81\x97: %s"},  // RedoOf
    {"Move up", "Nach oben", "\xe4\xb8\x8a\xe7\xa7\xbb", "\xe4\xb8\x8a\xe3\x81\xb8"},  // MoveUp
    {"Move down", "Nach unten", "\xe4\xb8\x8b\xe7\xa7\xbb", "\xe4\xb8\x8b\xe3\x81\xb8"},  // MoveDown
    {"About BehavEd", "\xc3\x9c" "ber BehavEd", "\xe5\x85\xb3\xe4\xba\x8e BehavEd", "BehavEd \xe3\x81\xab\xe3\x81\xa4\xe3\x81\x84\xe3\x81\xa6"},  // AboutTitle
    {"Reconstruction of BehavEd 2.0 by Raven Software (1999), written by Josh Weier and Ste Cork.", "Nachbau von BehavEd 2.0 von Raven Software (1999), geschrieben von Josh Weier und Ste Cork.", "Raven Software \xe7\x9a\x84 BehavEd 2.0\xef\xbc\x88" "1999\xef\xbc\x89\xe7\x9a\x84\xe9\x87\x8d\xe5\xbb\xba\xe7\x89\x88\xef\xbc\x8c\xe5\x8e\x9f\xe4\xbd\x9c\xe8\x80\x85 Josh Weier \xe4\xb8\x8e Ste Cork\xe3\x80\x82", "Raven Software \xe3\x81\xae BehavEd 2.0\xef\xbc\x88" "1999\xef\xbc\x89\xe3\x81\xae\xe5\x86\x8d\xe6\xa7\x8b\xe7\xaf\x89\xe7\x89\x88\xe3\x80\x82\xe5\x8e\x9f\xe4\xbd\x9c\xe8\x80\x85\xe3\x81\xaf Josh Weier \xe3\x81\xa8 Ste Cork\xe3\x80\x82"},  // AboutOriginal
    {"Verified against", "Gepr\xc3\xbc" "ft gegen", "\xe9\xaa\x8c\xe8\xaf\x81\xe4\xbe\x9d\xe6\x8d\xae", "\xe6\xa4\x9c\xe8\xa8\xbc\xe5\xaf\xbe\xe8\xb1\xa1"},  // AboutVerified
    {"Resources of BehavEd.exe: dialogs, accelerators, bitmaps", "Ressourcen von BehavEd.exe: Dialoge, Tastentabelle, Bitmaps", "BehavEd.exe \xe7\x9a\x84\xe8\xb5\x84\xe6\xba\x90\xef\xbc\x9a\xe5\xaf\xb9\xe8\xaf\x9d\xe6\xa1\x86\xe3\x80\x81\xe5\xbf\xab\xe6\x8d\xb7\xe9\x94\xae\xe8\xa1\xa8\xe3\x80\x81\xe4\xbd\x8d\xe5\x9b\xbe", "BehavEd.exe \xe3\x81\xae\xe3\x83\xaa\xe3\x82\xbd\xe3\x83\xbc\xe3\x82\xb9: \xe3\x83\x80\xe3\x82\xa4\xe3\x82\xa2\xe3\x83\xad\xe3\x82\xb0\xe3\x80\x81\xe3\x82\xa2\xe3\x82\xaf\xe3\x82\xbb\xe3\x83\xa9\xe3\x83\xac\xe3\x83\xbc\xe3\x82\xbf\xe3\x80\x81\xe3\x83\x93\xe3\x83\x83\xe3\x83\x88\xe3\x83\x9e\xe3\x83\x83\xe3\x83\x97"},  // AboutResources
    {"1011 .ibi from IBIZE.EXE, byte for byte", "1011 .ibi von IBIZE.EXE, byteweise", "\xe6\x9d\xa5\xe8\x87\xaa IBIZE.EXE \xe7\x9a\x84 1011 \xe4\xb8\xaa .ibi\xef\xbc\x8c\xe9\x80\x90\xe5\xad\x97\xe8\x8a\x82", "IBIZE.EXE \xe3\x81\xae .ibi 1011 \xe5\x80\x8b\xe3\x80\x81\xe3\x83\x90\xe3\x82\xa4\xe3\x83\x88\xe5\x8d\x98\xe4\xbd\x8d"},  // AboutIbi
    {"1510 .icarus from Raven, byte for byte", "1510 .icarus von Raven, byteweise", "\xe6\x9d\xa5\xe8\x87\xaa Raven \xe7\x9a\x84 1510 \xe4\xb8\xaa .icarus\xef\xbc\x8c\xe9\x80\x90\xe5\xad\x97\xe8\x8a\x82", "Raven \xe3\x81\xae .icarus 1510 \xe5\x80\x8b\xe3\x80\x81\xe3\x83\x90\xe3\x82\xa4\xe3\x83\x88\xe5\x8d\x98\xe4\xbd\x8d"},  // AboutIcarus
    {"%d signatures, %d type sets, %d macros", "%d Signaturen, %d Typmengen, %d Makros", "%d \xe4\xb8\xaa\xe7\xad\xbe\xe5\x90\x8d\xef\xbc\x8c%d \xe4\xb8\xaa\xe7\xb1\xbb\xe5\x9e\x8b\xe9\x9b\x86\xef\xbc\x8c%d \xe4\xb8\xaa\xe5\xae\x8f", "%d \xe3\x82\xb7\xe3\x82\xb0\xe3\x83\x8d\xe3\x83\x81\xe3\x83\xa3, %d \xe5\x9e\x8b\xe9\x9b\x86\xe5\x90\x88, %d \xe3\x83\x9e\xe3\x82\xaf\xe3\x83\xad"},  // AboutModel
    {"Close", "Schlie\xc3\x9f" "en", "\xe5\x85\xb3\xe9\x97\xad", "\xe9\x96\x89\xe3\x81\x98\xe3\x82\x8b"},  // AboutClose
    {"Filter, or type your own value", "Filtern oder eigenen Wert eintippen", "\xe7\xad\x9b\xe9\x80\x89\xef\xbc\x8c\xe6\x88\x96\xe8\xbe\x93\xe5\x85\xa5\xe8\x87\xaa\xe5\xae\x9a\xe4\xb9\x89\xe5\x80\xbc", "\xe7\xb5\x9e\xe3\x82\x8a\xe8\xbe\xbc\xe3\x81\xbf\xe3\x80\x81\xe3\x81\xbe\xe3\x81\x9f\xe3\x81\xaf\xe7\x8b\xac\xe8\x87\xaa\xe3\x81\xae\xe5\x80\xa4\xe3\x82\x92\xe5\x85\xa5\xe5\x8a\x9b"},  // FilterHint
    {"Use \"%s\"", "\"%s\" \xc3\xbc" "bernehmen", "\xe4\xbd\xbf\xe7\x94\xa8\xe2\x80\x9c%s\xe2\x80\x9d", "\xe3\x80\x8c%s\xe3\x80\x8d\xe3\x82\x92\xe4\xbd\xbf\xe3\x81\x86"},  // UseTyped
    {"Actor facing +%d\xc2\xb0", "Blickrichtung +%d\xc2\xb0", "\xe8\xa7\x92\xe8\x89\xb2\xe6\x9c\x9d\xe5\x90\x91 +%d\xc2\xb0", "\xe3\x82\xad\xe3\x83\xa3\xe3\x83\xa9\xe3\x81\xae\xe5\x90\x91\xe3\x81\x8d +%d\xc2\xb0"},  // ActorYaw
    {"Effects", "Effekte", "\xe7\x89\xb9\xe6\x95\x88", "\xe3\x82\xa8\xe3\x83\x95\xe3\x82\xa7\xe3\x82\xaf\xe3\x83\x88"},  // MapEffects
    {"Ready", "Bereit", "\xe5\xb0\xb1\xe7\xbb\xaa", "\xe6\xba\x96\xe5\x82\x99\xe5\xae\x8c\xe4\xba\x86"},  // StatusReady
    {"errors", "Fehler", "\xe4\xb8\xaa\xe9\x94\x99\xe8\xaf\xaf", "\xe4\xbb\xb6\xe3\x81\xae\xe3\x82\xa8\xe3\x83\xa9\xe3\x83\xbc"},  // StatusErrors
    {"notes", "Anmerkungen", "\xe6\x9d\xa1\xe6\x8f\x90\xe7\xa4\xba", "\xe4\xbb\xb6\xe3\x81\xae\xe6\xb3\xa8\xe8\xa8\x98"},  // StatusWarnings
    {"Revert to original", "Auf Original zuruecksetzen", "\xe6\x81\xa2\xe5\xa4\x8d\xe4\xb8\xba\xe5\x8e\x9f\xe5\xa7\x8b", "\xe5\x85\x83\xe3\x81\xab\xe6\x88\xbb\xe3\x81\x99\xef\xbc\x88\xe9\x96\x8b\xe3\x81\x84\xe3\x81\x9f\xe6\x99\x82\xe3\x81\xae\xe7\x8a\xb6\xe6\x85\x8b\xef\xbc\x89"},  // ActRevertOriginal
    {"Restore the selected command(s) as they were when the file was opened - only this command, not the rest", "Den oder die gewaehlten Befehle so wiederherstellen, wie sie beim Oeffnen der Datei waren - nur diese, nicht den Rest", "\xe5\xb0\x86\xe6\x89\x80\xe9\x80\x89\xe5\x91\xbd\xe4\xbb\xa4\xe6\x81\xa2\xe5\xa4\x8d\xe4\xb8\xba\xe6\x89\x93\xe5\xbc\x80\xe6\x96\x87\xe4\xbb\xb6\xe6\x97\xb6\xe7\x9a\x84\xe7\x8a\xb6\xe6\x80\x81 - \xe4\xbb\x85\xe6\xad\xa4\xe5\x91\xbd\xe4\xbb\xa4\xef\xbc\x8c\xe4\xb8\x8d\xe5\xbd\xb1\xe5\x93\x8d\xe5\x85\xb6\xe4\xbb\x96", "\xe9\x81\xb8\xe6\x8a\x9e\xe3\x81\x97\xe3\x81\x9f\xe3\x82\xb3\xe3\x83\x9e\xe3\x83\xb3\xe3\x83\x89\xe3\x82\x92\xe3\x83\x95\xe3\x82\xa1\xe3\x82\xa4\xe3\x83\xab\xe3\x82\x92\xe9\x96\x8b\xe3\x81\x84\xe3\x81\x9f\xe6\x99\x82\xe3\x81\xae\xe7\x8a\xb6\xe6\x85\x8b\xe3\x81\xab\xe6\x88\xbb\xe3\x81\x99 - \xe3\x81\x93\xe3\x81\xae\xe3\x82\xb3\xe3\x83\x9e\xe3\x83\xb3\xe3\x83\x89\xe3\x81\xae\xe3\x81\xbf"},  // ActRevertOriginalHint
    {"Original:", "Original:", "\xe5\x8e\x9f\xe5\xa7\x8b\xef\xbc\x9a", "\xe5\x85\x83\xe3\x81\xae\xe7\x8a\xb6\xe6\x85\x8b\xef\xbc\x9a"},  // RevertPreviewLabel
    {"New command - there is no original", "Neuer Befehl - es gibt kein Original", "\xe6\x96\xb0\xe5\x91\xbd\xe4\xbb\xa4 - \xe6\xb2\xa1\xe6\x9c\x89\xe5\x8e\x9f\xe5\xa7\x8b\xe7\x89\x88\xe6\x9c\xac", "\xe6\x96\xb0\xe3\x81\x97\xe3\x81\x84\xe3\x82\xb3\xe3\x83\x9e\xe3\x83\xb3\xe3\x83\x89 - \xe5\x85\x83\xe3\x81\xae\xe7\x8a\xb6\xe6\x85\x8b\xe3\x81\xaf\xe3\x81\x82\xe3\x82\x8a\xe3\x81\xbe\xe3\x81\x9b\xe3\x82\x93"},  // RevertPreviewNew
    {"... and %d more", "... und %d weitere", "... \xe4\xbb\xa5\xe5\x8f\x8a\xe5\x8f\xa6\xe5\xa4\x96 %d \xe4\xb8\xaa", "... \xe3\x81\xbb\xe3\x81\x8b %d \xe4\xbb\xb6"},  // RevertPreviewMore
    {"Reverted %d command(s) to the original", "%d Befehl(e) auf das Original zurueckgesetzt", "\xe5\xb7\xb2\xe5\xb0\x86 %d \xe6\x9d\xa1\xe5\x91\xbd\xe4\xbb\xa4\xe6\x81\xa2\xe5\xa4\x8d\xe4\xb8\xba\xe5\x8e\x9f\xe5\xa7\x8b", "%d \xe5\x80\x8b\xe3\x81\xae\xe3\x82\xb3\xe3\x83\x9e\xe3\x83\xb3\xe3\x83\x89\xe3\x82\x92\xe5\x85\x83\xe3\x81\xab\xe6\x88\xbb\xe3\x81\x97\xe3\x81\xbe\xe3\x81\x97\xe3\x81\x9f"},  // MsgRevertedN
    {"Compiled: %s", "Kompiliert: %s", "\xe5\xb7\xb2\xe7\xbc\x96\xe8\xaf\x91: %s", "\xe3\x82\xb3\xe3\x83\xb3\xe3\x83\x91\xe3\x82\xa4\xe3\x83\xab: %s"},  // StatusLastCompile
    {"When the .ibi of this script was last written", "Wann die .ibi dieses Skripts zuletzt geschrieben wurde", "\xe6\xad\xa4\xe8\x84\x9a\xe6\x9c\xac\xe7\x9a\x84 .ibi \xe6\x9c\x80\xe5\x90\x8e\xe5\x86\x99\xe5\x85\xa5\xe7\x9a\x84\xe6\x97\xb6\xe9\x97\xb4", "\xe3\x81\x93\xe3\x81\xae\xe3\x82\xb9\xe3\x82\xaf\xe3\x83\xaa\xe3\x83\x97\xe3\x83\x88\xe3\x81\xae .ibi \xe3\x81\x8c\xe6\x9c\x80\xe5\xbe\x8c\xe3\x81\xab\xe6\x9b\xb8\xe3\x81\x8d\xe8\xbe\xbc\xe3\x81\xbe\xe3\x82\x8c\xe3\x81\x9f\xe6\x97\xa5\xe6\x99\x82"},  // StatusLastCompileHint
    {"expression cannot be compiled: %s", "Ausdruck nicht uebersetzbar: %s", "\xe8\xa1\xa8\xe8\xbe\xbe\xe5\xbc\x8f\xe6\x97\xa0\xe6\xb3\x95\xe7\xbc\x96\xe8\xaf\x91: %s", "\xe5\xbc\x8f\xe3\x82\x92\xe3\x82\xb3\xe3\x83\xb3\xe3\x83\x91\xe3\x82\xa4\xe3\x83\xab\xe3\x81\xa7\xe3\x81\x8d\xe3\x81\xbe\xe3\x81\x9b\xe3\x82\x93: %s"},  // CmsgC001
    {"expression only partly compiled: %s", "Ausdruck nicht vollstaendig uebersetzt: %s", "\xe8\xa1\xa8\xe8\xbe\xbe\xe5\xbc\x8f\xe4\xbb\x85\xe9\x83\xa8\xe5\x88\x86\xe7\xbc\x96\xe8\xaf\x91: %s", "\xe5\xbc\x8f\xe3\x81\xae\xe4\xb8\x80\xe9\x83\xa8\xe3\x81\xae\xe3\x81\xbf\xe3\x82\xb3\xe3\x83\xb3\xe3\x83\x91\xe3\x82\xa4\xe3\x83\xab\xe3\x81\x95\xe3\x82\x8c\xe3\x81\xbe\xe3\x81\x97\xe3\x81\x9f: %s"},  // CmsgC002
    {"no .ibi equivalent for %s", "kein .ibi-Gegenstueck fuer %s", "%s \xe6\xb2\xa1\xe6\x9c\x89 .ibi \xe5\xaf\xb9\xe5\xba\x94\xe9\xa1\xb9", "%s \xe3\x81\xab\xe5\xaf\xbe\xe5\xbf\x9c\xe3\x81\x99\xe3\x82\x8b .ibi \xe3\x81\x8c\xe3\x81\x82\xe3\x82\x8a\xe3\x81\xbe\xe3\x81\x9b\xe3\x82\x93"},  // CmsgC003
    {"ICARUS has no \"%s\" comparison - use = < > or ! (! means \"not equal\")", "ICARUS kennt keinen Vergleich \"%s\" - erlaubt sind = < > und ! (! heisst \"ungleich\")", "ICARUS \xe6\xb2\xa1\xe6\x9c\x89 \"%s\" \xe6\xaf\x94\xe8\xbe\x83 - \xe8\xaf\xb7\xe4\xbd\xbf\xe7\x94\xa8 = < > \xe6\x88\x96 !\xef\xbc\x88! \xe8\xa1\xa8\xe7\xa4\xba\xe2\x80\x9c\xe4\xb8\x8d\xe7\xad\x89\xe4\xba\x8e\xe2\x80\x9d\xef\xbc\x89", "ICARUS \xe3\x81\xab \"%s\" \xe3\x81\xae\xe6\xaf\x94\xe8\xbc\x83\xe3\x81\xaf\xe3\x81\x82\xe3\x82\x8a\xe3\x81\xbe\xe3\x81\x9b\xe3\x82\x93 - = < > \xe3\x81\xbe\xe3\x81\x9f\xe3\x81\xaf ! \xe3\x82\x92\xe4\xbd\xbf\xe7\x94\xa8\xef\xbc\x88! \xe3\x81\xaf\xe3\x80\x8c\xe7\xad\x89\xe3\x81\x97\xe3\x81\x8f\xe3\x81\xaa\xe3\x81\x84\xe3\x80\x8d\xef\xbc\x89"},  // CmsgC004
    {"Click to see the messages", "Zum Nachlesen anklicken", "\xe7\x82\xb9\xe5\x87\xbb\xe6\x9f\xa5\xe7\x9c\x8b\xe6\xb6\x88\xe6\x81\xaf", "\xe3\x82\xaf\xe3\x83\xaa\xe3\x83\x83\xe3\x82\xaf\xe3\x81\x97\xe3\x81\xa6\xe3\x83\xa1\xe3\x83\x83\xe3\x82\xbb\xe3\x83\xbc\xe3\x82\xb8\xe3\x82\x92\xe8\xa1\xa8\xe7\xa4\xba"},  // StatusClickHint
    {"Messages", "Meldungen", "\xe6\xb6\x88\xe6\x81\xaf", "\xe3\x83\xa1\xe3\x83\x83\xe3\x82\xbb\xe3\x83\xbc\xe3\x82\xb8"},  // MessagesTitle
    {"Nothing to report.", "Nichts zu melden.", "\xe6\x97\xa0\xe6\xb6\x88\xe6\x81\xaf\xe3\x80\x82", "\xe5\xa0\xb1\xe5\x91\x8a\xe3\x81\xaf\xe3\x81\x82\xe3\x82\x8a\xe3\x81\xbe\xe3\x81\x9b\xe3\x82\x93\xe3\x80\x82"},  // MessagesNone
    {"Particle effects from the map's fx_runner entities. Opaque quads - the software renderer cannot blend additively, so fire and smoke show as coloured shapes, not as glow.", "Partikeleffekte aus den fx_runner-Entities der Karte. Deckende Vierecke - der Softwarezeichner kann nicht additiv mischen, also erscheinen Feuer und Rauch als farbige Fl\xc3\xa4" "chen, nicht als Leuchten.", "\xe6\x9d\xa5\xe8\x87\xaa\xe5\x9c\xb0\xe5\x9b\xbe fx_runner \xe5\xae\x9e\xe4\xbd\x93\xe7\x9a\x84\xe7\xb2\x92\xe5\xad\x90\xe7\x89\xb9\xe6\x95\x88\xe3\x80\x82\xe4\xb8\x8d\xe9\x80\x8f\xe6\x98\x8e\xe5\x9b\x9b\xe8\xbe\xb9\xe5\xbd\xa2\xe2\x80\x94\xe2\x80\x94\xe8\xbd\xaf\xe4\xbb\xb6\xe6\xb8\xb2\xe6\x9f\x93\xe5\x99\xa8\xe6\x97\xa0\xe6\xb3\x95\xe5\x8f\xa0\xe5\x8a\xa0\xe6\xb7\xb7\xe5\x90\x88\xe3\x80\x82", "\xe3\x83\x9e\xe3\x83\x83\xe3\x83\x97\xe3\x81\xae fx_runner \xe3\x82\xa8\xe3\x83\xb3\xe3\x83\x86\xe3\x82\xa3\xe3\x83\x86\xe3\x82\xa3\xe3\x81\xab\xe3\x82\x88\xe3\x82\x8b\xe3\x83\x91\xe3\x83\xbc\xe3\x83\x86\xe3\x82\xa3\xe3\x82\xaf\xe3\x83\xab\xe3\x80\x82\xe4\xb8\x8d\xe9\x80\x8f\xe6\x98\x8e\xe3\x81\xaa\xe5\x9b\x9b\xe8\xa7\x92\xe5\xbd\xa2\xe3\x81\xa7\xe3\x81\x99\xe2\x80\x94\xe2\x80\x94\xe3\x82\xbd\xe3\x83\x95\xe3\x83\x88\xe3\x82\xa6\xe3\x82\xa7\xe3\x82\xa2\xe6\x8f\x8f\xe7\x94\xbb\xe3\x81\xaf\xe5\x8a\xa0\xe7\xae\x97\xe5\x90\x88\xe6\x88\x90\xe3\x81\x8c\xe3\x81\xa7\xe3\x81\x8d\xe3\x81\xbe\xe3\x81\x9b\xe3\x82\x93\xe3\x80\x82"},  // MapEffectsHint
    {"Keyboard shortcuts", "Tastenk\xc3\xbcrzel", "\xe9\x94\xae\xe7\x9b\x98\xe5\xbf\xab\xe6\x8d\xb7\xe9\x94\xae", "\xe3\x82\xad\xe3\x83\xbc\xe3\x83\x9c\xe3\x83\xbc\xe3\x83\x89\xe3\x82\xb7\xe3\x83\xa7\xe3\x83\xbc\xe3\x83\x88\xe3\x82\xab\xe3\x83\x83\xe3\x83\x88"},  // KeysTitle
    {"Click a shortcut, then press the new key. Esc cancels, Backspace clears.", "Auf ein K\xc3\xbcrzel klicken, dann die neue Taste dr\xc3\xbc" "cken. Esc bricht ab, R\xc3\xbc" "cktaste l\xc3\xb6scht.", "\xe7\x82\xb9\xe5\x87\xbb\xe5\xbf\xab\xe6\x8d\xb7\xe9\x94\xae\xef\xbc\x8c\xe7\x84\xb6\xe5\x90\x8e\xe6\x8c\x89\xe4\xb8\x8b\xe6\x96\xb0\xe6\x8c\x89\xe9\x94\xae\xe3\x80\x82" "Esc \xe5\x8f\x96\xe6\xb6\x88\xef\xbc\x8c\xe9\x80\x80\xe6\xa0\xbc\xe9\x94\xae\xe6\xb8\x85\xe9\x99\xa4\xe3\x80\x82", "\xe3\x82\xb7\xe3\x83\xa7\xe3\x83\xbc\xe3\x83\x88\xe3\x82\xab\xe3\x83\x83\xe3\x83\x88\xe3\x82\x92\xe3\x82\xaf\xe3\x83\xaa\xe3\x83\x83\xe3\x82\xaf\xe3\x81\x97\xe3\x80\x81\xe6\x96\xb0\xe3\x81\x97\xe3\x81\x84\xe3\x82\xad\xe3\x83\xbc\xe3\x82\x92\xe6\x8a\xbc\xe3\x81\x97\xe3\x81\xbe\xe3\x81\x99\xe3\x80\x82" "Esc \xe3\x81\xa7\xe4\xb8\xad\xe6\xad\xa2\xe3\x80\x81" "Backspace \xe3\x81\xa7\xe8\xa7\xa3\xe9\x99\xa4\xe3\x80\x82"},  // KeysHint
    {"press a key...", "Taste dr\xc3\xbc" "cken ...", "\xe8\xaf\xb7\xe6\x8c\x89\xe9\x94\xae\xe2\x80\xa6", "\xe3\x82\xad\xe3\x83\xbc\xe3\x82\x92\xe6\x8a\xbc\xe3\x81\x97\xe3\x81\xa6\xe3\x81\x8f\xe3\x81\xa0\xe3\x81\x95\xe3\x81\x84\xe2\x80\xa6"},  // KeysPress
    {"(none)", "(keine)", "\xef\xbc\x88\xe6\x97\xa0\xef\xbc\x89", "\xef\xbc\x88\xe3\x81\xaa\xe3\x81\x97\xef\xbc\x89"},  // KeysNone
    {"Action", "Aktion", "\xe6\x93\x8d\xe4\xbd\x9c", "\xe6\x93\x8d\xe4\xbd\x9c"},  // KeysAction
    {"Shortcut", "K\xc3\xbcrzel", "\xe5\xbf\xab\xe6\x8d\xb7\xe9\x94\xae", "\xe3\x82\xb7\xe3\x83\xa7\xe3\x83\xbc\xe3\x83\x88\xe3\x82\xab\xe3\x83\x83\xe3\x83\x88"},  // KeysShortcut
    {"Reset all to defaults", "Alle auf Vorgabe zur\xc3\xbc" "cksetzen", "\xe5\x85\xa8\xe9\x83\xa8\xe6\x81\xa2\xe5\xa4\x8d\xe9\xbb\x98\xe8\xae\xa4", "\xe3\x81\x99\xe3\x81\xb9\xe3\x81\xa6\xe6\x97\xa2\xe5\xae\x9a\xe3\x81\xab\xe6\x88\xbb\xe3\x81\x99"},  // KeysReset
    {"already used by %s", "schon von %s belegt", "\xe5\xb7\xb2\xe8\xa2\xab %s \xe5\x8d\xa0\xe7\x94\xa8", "%s \xe3\x81\x8c\xe4\xbd\xbf\xe7\x94\xa8\xe4\xb8\xad"},  // KeysClash
    {"Uncomment", "Kommentar aufheben", "\xe5\x8f\x96\xe6\xb6\x88\xe6\xb3\xa8\xe9\x87\x8a", "\xe3\x82\xb3\xe3\x83\xa1\xe3\x83\xb3\xe3\x83\x88\xe8\xa7\xa3\xe9\x99\xa4"},  // ActUnrem
    {"Find next", "Weitersuchen", "\xe6\x9f\xa5\xe6\x89\xbe\xe4\xb8\x8b\xe4\xb8\x80\xe4\xb8\xaa", "\xe6\xac\xa1\xe3\x82\x92\xe6\xa4\x9c\xe7\xb4\xa2"},  // ActFindNext
    {"Find previous", "R\xc3\xbc" "ckw\xc3\xa4rts suchen", "\xe6\x9f\xa5\xe6\x89\xbe\xe4\xb8\x8a\xe4\xb8\x80\xe4\xb8\xaa", "\xe5\x89\x8d\xe3\x82\x92\xe6\xa4\x9c\xe7\xb4\xa2"},  // ActFindPrev
    {"Move up", "Nach oben", "\xe4\xb8\x8a\xe7\xa7\xbb", "\xe4\xb8\x8a\xe3\x81\xb8"},  // ActMoveUp
    {"Move down", "Nach unten", "\xe4\xb8\x8b\xe7\xa7\xbb", "\xe4\xb8\x8b\xe3\x81\xb8"},  // ActMoveDown
    {"Undo", "R\xc3\xbc" "ckg\xc3\xa4ngig", "\xe6\x92\xa4\xe9\x94\x80", "\xe5\x85\x83\xe3\x81\xab\xe6\x88\xbb\xe3\x81\x99"},  // ActUndo
    {"Redo", "Wiederherstellen", "\xe3\x82\x84\xe3\x82\x8a\xe7\x9b\xb4\xe3\x81\x97", "\xe3\x82\x84\xe3\x82\x8a\xe7\x9b\xb4\xe3\x81\x97"},  // ActRedo
    {"Edit item", "Eintrag bearbeiten", "\xe7\xbc\x96\xe8\xbe\x91\xe6\x9d\xa1\xe7\x9b\xae", "\xe9\xa0\x85\xe7\x9b\xae\xe3\x82\x92\xe7\xb7\xa8\xe9\x9b\x86"},  // ActEdit2
    {"Insert item", "Eintrag einf\xc3\xbcgen", "\xe6\x8f\x92\xe5\x85\xa5\xe6\x9d\xa1\xe7\x9b\xae", "\xe9\xa0\x85\xe7\x9b\xae\xe3\x82\x92\xe6\x8c\xbf\xe5\x85\xa5"},  // ActInsert
    {"Open", "\xc3\x96" "ffnen", "\xe6\x89\x93\xe5\xbc\x80", "\xe9\x96\x8b\xe3\x81\x8f"},  // ActOpen
    {"Save", "Speichern", "\xe4\xbf\x9d\xe5\xad\x98", "\xe4\xbf\x9d\xe5\xad\x98"},  // ActSave
    {"Save As", "Speichern unter", "\xe5\x8f\xa6\xe5\xad\x98\xe4\xb8\xba", "\xe5\x90\x8d\xe5\x89\x8d\xe3\x82\x92\xe4\xbb\x98\xe3\x81\x91\xe3\x81\xa6\xe4\xbf\x9d\xe5\xad\x98"},  // ActSaveAs
    {"Backup", "Sicherung", "\xe5\xa4\x87\xe4\xbb\xbd", "\xe3\x83\x90\xe3\x83\x83\xe3\x82\xaf\xe3\x82\xa2\xe3\x83\x83\xe3\x83\x97"},  // ActBackup
    {"Restore", "Wiederherstellen aus Sicherung", "\xe4\xbb\x8e\xe5\xa4\x87\xe4\xbb\xbd\xe6\x81\xa2\xe5\xa4\x8d", "\xe3\x83\x90\xe3\x83\x83\xe3\x82\xaf\xe3\x82\xa2\xe3\x83\x83\xe3\x83\x97\xe3\x81\x8b\xe3\x82\x89\xe5\xbe\xa9\xe5\x85\x83"},  // ActRestore
    {"( Exported )", "( Exportiert )", "\xef\xbc\x88\xe5\xb7\xb2\xe5\xaf\xbc\xe5\x87\xba\xef\xbc\x89", "\xef\xbc\x88\xe6\x9b\xb8\xe3\x81\x8d\xe5\x87\xba\xe3\x81\x97\xe6\xb8\x88\xe3\x81\xbf\xef\xbc\x89"},  // ExportDone
    {"Backup written: %s", "Sicherung geschrieben: %s", "\xe5\xb7\xb2\xe5\x86\x99\xe5\x85\xa5\xe5\xa4\x87\xe4\xbb\xbd\xef\xbc\x9a%s", "\xe3\x83\x90\xe3\x83\x83\xe3\x82\xaf\xe3\x82\xa2\xe3\x83\x83\xe3\x83\x97\xe3\x82\x92\xe6\x9b\xb8\xe3\x81\x8d\xe5\x87\xba\xe3\x81\x97\xe3\x81\xbe\xe3\x81\x97\xe3\x81\x9f: %s"},  // BackupDone
    {"You can't backup until you've saved at least once", "Sichern geht erst, wenn das Skript einmal gespeichert wurde", "\xe8\x87\xb3\xe5\xb0\x91\xe4\xbf\x9d\xe5\xad\x98\xe4\xb8\x80\xe6\xac\xa1\xe5\x90\x8e\xe6\x89\x8d\xe8\x83\xbd\xe5\xa4\x87\xe4\xbb\xbd", "\xe4\xb8\x80\xe5\xba\xa6\xe4\xbf\x9d\xe5\xad\x98\xe3\x81\x99\xe3\x82\x8b\xe3\x81\xbe\xe3\x81\xa7\xe3\x83\x90\xe3\x83\x83\xe3\x82\xaf\xe3\x82\xa2\xe3\x83\x83\xe3\x83\x97\xe3\x81\xa7\xe3\x81\x8d\xe3\x81\xbe\xe3\x81\x9b\xe3\x82\x93"},  // BackupNoFile
    {"No Backup file available to restore from", "Keine Sicherung zum Wiederherstellen vorhanden", "\xe6\xb2\xa1\xe6\x9c\x89\xe5\x8f\xaf\xe7\x94\xa8\xe4\xba\x8e\xe8\xbf\x98\xe5\x8e\x9f\xe7\x9a\x84\xe5\xa4\x87\xe4\xbb\xbd\xe6\x96\x87\xe4\xbb\xb6", "\xe5\xbe\xa9\xe5\x85\x83\xe3\x81\xa7\xe3\x81\x8d\xe3\x82\x8b\xe3\x83\x90\xe3\x83\x83\xe3\x82\xaf\xe3\x82\xa2\xe3\x83\x83\xe3\x83\x97\xe3\x83\x95\xe3\x82\xa1\xe3\x82\xa4\xe3\x83\xab\xe3\x81\x8c\xe3\x81\x82\xe3\x82\x8a\xe3\x81\xbe\xe3\x81\x9b\xe3\x82\x93"},  // RestoreNone
    {"Restored from backup", "Aus der Sicherung geholt", "\xe5\xb7\xb2\xe4\xbb\x8e\xe5\xa4\x87\xe4\xbb\xbd\xe8\xbf\x98\xe5\x8e\x9f", "\xe3\x83\x90\xe3\x83\x83\xe3\x82\xaf\xe3\x82\xa2\xe3\x83\x83\xe3\x83\x97\xe3\x81\x8b\xe3\x82\x89\xe5\xbe\xa9\xe5\x85\x83\xe3\x81\x97\xe3\x81\xbe\xe3\x81\x97\xe3\x81\x9f"},  // RestoreDone
    {"This RESTORE will overwrite your current script, proceed?", "Das Wiederherstellen \xc3\xbc" "berschreibt das aktuelle Skript. Fortfahren?", "\xe8\xbf\x98\xe5\x8e\x9f\xe5\xb0\x86\xe8\xa6\x86\xe7\x9b\x96\xe5\xbd\x93\xe5\x89\x8d\xe8\x84\x9a\xe6\x9c\xac\xef\xbc\x8c\xe7\xbb\xa7\xe7\xbb\xad\xe5\x90\x97\xef\xbc\x9f", "\xe5\xbe\xa9\xe5\x85\x83\xe3\x81\x99\xe3\x82\x8b\xe3\x81\xa8\xe7\x8f\xbe\xe5\x9c\xa8\xe3\x81\xae\xe3\x82\xb9\xe3\x82\xaf\xe3\x83\xaa\xe3\x83\x97\xe3\x83\x88\xe3\x81\x8c\xe4\xb8\x8a\xe6\x9b\xb8\xe3\x81\x8d\xe3\x81\x95\xe3\x82\x8c\xe3\x81\xbe\xe3\x81\x99\xe3\x80\x82\xe7\xb6\x9a\xe8\xa1\x8c\xe3\x81\x97\xe3\x81\xbe\xe3\x81\x99\xe3\x81\x8b\xef\xbc\x9f"},  // RestoreAsk
    {"+", "+", "+", "+"},  // TreeExpandAll
    {"-", "-", "-", "-"},  // TreeCollapseAll
    {"Events", "Ereignisse", "\xe4\xba\x8b\xe4\xbb\xb6", "\xe3\x82\xa4\xe3\x83\x99\xe3\x83\xb3\xe3\x83\x88"},  // ViewEvents
    {"Map", "Karte", "\xe5\x9c\xb0\xe5\x9b\xbe", "\xe3\x83\x9e\xe3\x83\x83\xe3\x83\x97"},  // ViewMap
    {"Insert camera here", "Kamera hier einf\xc3\xbcgen", "\xe5\x9c\xa8\xe6\xad\xa4\xe6\x8f\x92\xe5\x85\xa5\xe6\x91\x84\xe5\x83\x8f\xe6\x9c\xba", "\xe3\x81\x93\xe3\x81\x93\xe3\x81\xab\xe3\x82\xab\xe3\x83\xa1\xe3\x83\xa9\xe3\x82\x92\xe6\x8c\xbf\xe5\x85\xa5"},  // MapInsertCamera
    {"Middle mouse: pan | Alt+middle: orbit | Wheel: zoom | Right mouse + WASD: fly | Shift: faster", "Mittlere Maustaste: schieben | Alt+Mitte: umkreisen | Rad: zoomen | Rechte Maustaste + WASD: fliegen | Umschalt: schneller", "\xe4\xb8\xad\xe9\x94\xae\xef\xbc\x9a\xe5\xb9\xb3\xe7\xa7\xbb | Alt+\xe4\xb8\xad\xe9\x94\xae\xef\xbc\x9a\xe7\x8e\xaf\xe7\xbb\x95 | \xe6\xbb\x9a\xe8\xbd\xae\xef\xbc\x9a\xe7\xbc\xa9\xe6\x94\xbe | \xe5\x8f\xb3\xe9\x94\xae+WASD\xef\xbc\x9a\xe9\xa3\x9e\xe8\xa1\x8c | Shift\xef\xbc\x9a\xe5\x8a\xa0\xe9\x80\x9f", "\xe4\xb8\xad\xe3\x83\x9c\xe3\x82\xbf\xe3\x83\xb3: \xe5\xb9\xb3\xe8\xa1\x8c\xe7\xa7\xbb\xe5\x8b\x95 | Alt+\xe4\xb8\xad: \xe6\x97\x8b\xe5\x9b\x9e | \xe3\x83\x9b\xe3\x82\xa4\xe3\x83\xbc\xe3\x83\xab: \xe6\x8b\xa1\xe5\xa4\xa7\xe7\xb8\xae\xe5\xb0\x8f | \xe5\x8f\xb3\xe3\x83\x9c\xe3\x82\xbf\xe3\x83\xb3+WASD: \xe7\xa7\xbb\xe5\x8b\x95 | Shift: \xe5\x8a\xa0\xe9\x80\x9f"},  // MapFly
    {"The command list, for building scripts", "Die Befehlsliste, zum Bauen von Skripten", "\xe5\x91\xbd\xe4\xbb\xa4\xe5\x88\x97\xe8\xa1\xa8\xef\xbc\x8c\xe7\x94\xa8\xe4\xba\x8e\xe6\x9e\x84\xe5\xbb\xba\xe8\x84\x9a\xe6\x9c\xac", "\xe3\x82\xb9\xe3\x82\xaf\xe3\x83\xaa\xe3\x83\x97\xe3\x83\x88\xe3\x82\x92\xe7\xb5\x84\xe3\x81\xbf\xe7\xab\x8b\xe3\x81\xa6\xe3\x82\x8b\xe3\x81\x9f\xe3\x82\x81\xe3\x81\xae\xe3\x82\xb3\xe3\x83\x9e\xe3\x83\xb3\xe3\x83\x89\xe4\xb8\x80\xe8\xa6\xa7"},  // ModeEventsHint
    {"The map in 3D, for placing cameras", "Die Karte in 3D, zum Setzen von Kameras", "3D \xe5\x9c\xb0\xe5\x9b\xbe\xef\xbc\x8c\xe7\x94\xa8\xe4\xba\x8e\xe6\x94\xbe\xe7\xbd\xae\xe6\x91\x84\xe5\x83\x8f\xe6\x9c\xba", "\xe3\x82\xab\xe3\x83\xa1\xe3\x83\xa9\xe3\x82\x92\xe9\x85\x8d\xe7\xbd\xae\xe3\x81\x99\xe3\x82\x8b\xe3\x81\x9f\xe3\x82\x81\xe3\x81\xae 3D \xe3\x83\x9e\xe3\x83\x83\xe3\x83\x97"},  // ModeMapHint
    {"%d %d %d", "%d %d %d", "%d %d %d", "%d %d %d"},  // MapPos
    {"%d of %d textures found", "%d von %d Texturen gefunden", "\xe6\x89\xbe\xe5\x88\xb0 %d / %d \xe4\xb8\xaa\xe7\xba\xb9\xe7\x90\x86", "%d / %d \xe3\x81\xae\xe3\x83\x86\xe3\x82\xaf\xe3\x82\xb9\xe3\x83\x81\xe3\x83\xa3\xe3\x81\x8c\xe8\xa6\x8b\xe3\x81\xa4\xe3\x81\x8b\xe3\x82\x8a\xe3\x81\xbe\xe3\x81\x97\xe3\x81\x9f"},  // MapTexFound
    {"No textures - add a game folder first", "Keine Texturen - erst einen Spielordner hinzuf\xc3\xbcgen", "\xe6\x97\xa0\xe7\xba\xb9\xe7\x90\x86 \xe2\x80\x94 \xe8\xaf\xb7\xe5\x85\x88\xe6\xb7\xbb\xe5\x8a\xa0\xe6\xb8\xb8\xe6\x88\x8f\xe7\x9b\xae\xe5\xbd\x95", "\xe3\x83\x86\xe3\x82\xaf\xe3\x82\xb9\xe3\x83\x81\xe3\x83\xa3\xe3\x81\xaa\xe3\x81\x97 \xe2\x80\x94 \xe5\x85\x88\xe3\x81\xab\xe3\x82\xb2\xe3\x83\xbc\xe3\x83\xa0\xe3\x83\x95\xe3\x82\xa9\xe3\x83\xab\xe3\x83\x80\xe3\x83\xbc\xe3\x82\x92\xe8\xbf\xbd\xe5\x8a\xa0"},  // MapTexNone
    {"Through camera", "Durch die Kamera", "\xe9\x80\x9a\xe8\xbf\x87\xe6\x91\x84\xe5\x83\x8f\xe6\x9c\xba", "\xe3\x82\xab\xe3\x83\xa1\xe3\x83\xa9\xe8\xa6\x96\xe7\x82\xb9"},  // MapThroughCam
    {"Show what the selected camera command sees, with its zoom and the cinematic bars", "Zeigen, was der gew\xc3\xa4hlte camera-Befehl sieht - mit seinem Zoom und den Kinoblenden", "\xe6\x98\xbe\xe7\xa4\xba\xe6\x89\x80\xe9\x80\x89\xe6\x91\x84\xe5\x83\x8f\xe6\x9c\xba\xe5\x91\xbd\xe4\xbb\xa4\xe7\x9a\x84\xe8\xa7\x86\xe9\x87\x8e\xef\xbc\x8c\xe5\x8c\x85\xe5\x90\xab\xe5\x85\xb6\xe7\xbc\xa9\xe6\x94\xbe\xe5\x92\x8c\xe7\x94\xb5\xe5\xbd\xb1\xe9\xbb\x91\xe8\xbe\xb9", "\xe9\x81\xb8\xe6\x8a\x9e\xe3\x81\x97\xe3\x81\x9f camera \xe3\x82\xb3\xe3\x83\x9e\xe3\x83\xb3\xe3\x83\x89\xe3\x81\xae\xe8\xa6\x96\xe9\x87\x8e\xe3\x82\x92\xe3\x80\x81\xe3\x82\xba\xe3\x83\xbc\xe3\x83\xa0\xe3\x81\xa8\xe3\x83\xac\xe3\x82\xbf\xe3\x83\xbc\xe3\x83\x9c\xe3\x83\x83\xe3\x82\xaf\xe3\x82\xb9\xe4\xbb\x98\xe3\x81\x8d\xe3\x81\xa7\xe8\xa1\xa8\xe7\xa4\xba"},  // MapThroughCamHint
    {"Select a camera command in the script", "Einen camera-Befehl im Skript ausw\xc3\xa4hlen", "\xe8\xaf\xb7\xe5\x9c\xa8\xe8\x84\x9a\xe6\x9c\xac\xe4\xb8\xad\xe9\x80\x89\xe6\x8b\xa9\xe6\x91\x84\xe5\x83\x8f\xe6\x9c\xba\xe5\x91\xbd\xe4\xbb\xa4", "\xe3\x82\xb9\xe3\x82\xaf\xe3\x83\xaa\xe3\x83\x97\xe3\x83\x88\xe3\x81\xa7 camera \xe3\x82\xb3\xe3\x83\x9e\xe3\x83\xb3\xe3\x83\x89\xe3\x82\x92\xe9\x81\xb8\xe6\x8a\x9e\xe3\x81\x97\xe3\x81\xa6\xe3\x81\x8f\xe3\x81\xa0\xe3\x81\x95\xe3\x81\x84"},  // MapCamNone
    {"%s  |  zoom %.0f\xc2\xb0", "%s  |  Zoom %.0f\xc2\xb0", "%s \xef\xbd\x9c \xe7\xbc\xa9\xe6\x94\xbe %.0f\xc2\xb0", "%s \xef\xbd\x9c \xe3\x82\xba\xe3\x83\xbc\xe3\x83\xa0 %.0f\xc2\xb0"},  // MapCamInfo
    {"Play", "Abspielen", "\xe6\x92\xad\xe6\x94\xbe", "\xe5\x86\x8d\xe7\x94\x9f"},  // TlPlay
    {"Stop", "Anhalten", "\xe5\x81\x9c\xe6\xad\xa2", "\xe5\x81\x9c\xe6\xad\xa2"},  // TlStop
    {"To start", "An den Anfang", "\xe5\x9b\x9e\xe5\x88\xb0\xe5\xbc\x80\xe5\xa4\xb4", "\xe5\x85\x88\xe9\xa0\xad\xe3\x81\xb8"},  // TlRewind
    {"%.2f s of %.2f s", "%.2f s von %.2f s", "%.2f \xe7\xa7\x92 / %.2f \xe7\xa7\x92", "%.2f \xe7\xa7\x92 / %.2f \xe7\xa7\x92"},  // TlTime
    {"No camera commands in the script", "Keine camera-Befehle im Skript", "\xe8\x84\x9a\xe6\x9c\xac\xe4\xb8\xad\xe6\xb2\xa1\xe6\x9c\x89\xe6\x91\x84\xe5\x83\x8f\xe6\x9c\xba\xe5\x91\xbd\xe4\xbb\xa4", "\xe3\x82\xb9\xe3\x82\xaf\xe3\x83\xaa\xe3\x83\x97\xe3\x83\x88\xe3\x81\xab camera \xe3\x82\xb3\xe3\x83\x9e\xe3\x83\xb3\xe3\x83\x89\xe3\x81\x8c\xe3\x81\x82\xe3\x82\x8a\xe3\x81\xbe\xe3\x81\x9b\xe3\x82\x93"},  // TlNone
    {"Sound", "Klang", "\xe5\xa3\xb0\xe9\x9f\xb3", "\xe3\x82\xb5\xe3\x82\xa6\xe3\x83\xb3\xe3\x83\x89"},  // TlAudio
    {"Play the sound files while the timeline runs - that is what you match the cuts against", "Die Klangdateien beim Ablaufen mitspielen - danach richtet man die Schnitte aus", "\xe6\x97\xb6\xe9\x97\xb4\xe8\xbd\xb4\xe8\xbf\x90\xe8\xa1\x8c\xe6\x97\xb6\xe6\x92\xad\xe6\x94\xbe\xe5\xa3\xb0\xe9\x9f\xb3\xe6\x96\x87\xe4\xbb\xb6 \xe2\x80\x94 \xe5\x89\xaa\xe8\xbe\x91\xe5\xb0\xb1\xe6\x98\xaf\xe7\x85\xa7\xe7\x9d\x80\xe5\xae\x83\xe5\xaf\xb9\xe7\x9a\x84", "\xe3\x82\xbf\xe3\x82\xa4\xe3\x83\xa0\xe3\x83\xa9\xe3\x82\xa4\xe3\x83\xb3\xe5\x86\x8d\xe7\x94\x9f\xe4\xb8\xad\xe3\x81\xab\xe9\x9f\xb3\xe5\xa3\xb0\xe3\x82\x82\xe9\xb3\xb4\xe3\x82\x89\xe3\x81\x97\xe3\x81\xbe\xe3\x81\x99\xe3\x80\x82\xe3\x82\xab\xe3\x83\x83\xe3\x83\x88\xe5\x90\x88\xe3\x82\x8f\xe3\x81\x9b\xe3\x81\xae\xe5\x9f\xba\xe6\xba\x96\xe3\x81\xa7\xe3\x81\x99"},  // TlAudioHint
    {"Script", "Skript", "\xe8\x84\x9a\xe6\x9c\xac", "\xe3\x82\xb9\xe3\x82\xaf\xe3\x83\xaa\xe3\x83\x97\xe3\x83\x88"},  // TlScript
    {"Tracks", "Spuren", "\xe8\xbd\xa8\xe9\x81\x93", "\xe3\x83\x88\xe3\x83\xa9\xe3\x83\x83\xe3\x82\xaf"},  // TlTracks
    {"One row per affect target - shows when each character speaks and acts", "Eine Zeile je affect-Ziel - zeigt, wann welche Figur spricht und handelt", "\xe6\xaf\x8f\xe4\xb8\xaa affect \xe7\x9b\xae\xe6\xa0\x87\xe4\xb8\x80\xe8\xa1\x8c \xe2\x80\x94 \xe6\x98\xbe\xe7\xa4\xba\xe5\x90\x84\xe8\xa7\x92\xe8\x89\xb2\xe4\xbd\x95\xe6\x97\xb6\xe8\xaf\xb4\xe8\xaf\x9d\xe5\x92\x8c\xe8\xa1\x8c\xe5\x8a\xa8", "affect \xe3\x81\xae\xe5\xaf\xbe\xe8\xb1\xa1\xe3\x81\x94\xe3\x81\xa8\xe3\x81\xab 1 \xe8\xa1\x8c\xe3\x80\x82\xe5\x90\x84\xe3\x82\xad\xe3\x83\xa3\xe3\x83\xa9\xe3\x82\xaf\xe3\x82\xbf\xe3\x83\xbc\xe3\x81\x8c\xe8\xa9\xb1\xe3\x81\x97\xe5\x8b\x95\xe3\x81\x8f\xe3\x82\xbf\xe3\x82\xa4\xe3\x83\x9f\xe3\x83\xb3\xe3\x82\xb0\xe3\x82\x92\xe8\xa1\xa8\xe7\xa4\xba"},  // TlTracksHint
    {"Remove the selected commands", "Die gew\xc3\xa4hlten Befehle entfernen", "\xe5\x88\xa0\xe9\x99\xa4\xe6\x89\x80\xe9\x80\x89\xe5\x91\xbd\xe4\xbb\xa4", "\xe9\x81\xb8\xe6\x8a\x9e\xe3\x81\x97\xe3\x81\x9f\xe3\x82\xb3\xe3\x83\x9e\xe3\x83\xb3\xe3\x83\x89\xe3\x82\x92\xe5\x89\x8a\xe9\x99\xa4"},  // HintDelete
    {"Insert a copy right below", "Eine Kopie direkt darunter einf\xc3\xbcgen", "\xe5\x9c\xa8\xe4\xb8\x8b\xe6\x96\xb9\xe6\x8f\x92\xe5\x85\xa5\xe5\x89\xaf\xe6\x9c\xac", "\xe3\x81\x99\xe3\x81\x90\xe4\xb8\x8b\xe3\x81\xab\xe3\x82\xb3\xe3\x83\x94\xe3\x83\xbc\xe3\x82\x92\xe6\x8c\xbf\xe5\x85\xa5"},  // HintClone
    {"Copy to the clipboard", "In die Zwischenablage kopieren", "\xe5\xa4\x8d\xe5\x88\xb6\xe5\x88\xb0\xe5\x89\xaa\xe8\xb4\xb4\xe6\x9d\xbf", "\xe3\x82\xaf\xe3\x83\xaa\xe3\x83\x83\xe3\x83\x97\xe3\x83\x9c\xe3\x83\xbc\xe3\x83\x89\xe3\x81\xab\xe3\x82\xb3\xe3\x83\x94\xe3\x83\xbc"},  // HintCopy
    {"Copy and remove", "Kopieren und entfernen", "\xe5\xa4\x8d\xe5\x88\xb6\xe5\xb9\xb6\xe5\x88\xa0\xe9\x99\xa4", "\xe3\x82\xb3\xe3\x83\x94\xe3\x83\xbc\xe3\x81\x97\xe3\x81\xa6\xe5\x89\x8a\xe9\x99\xa4"},  // HintCut
    {"Insert what was copied, below the selection", "Das Kopierte unter der Auswahl einf\xc3\xbcgen", "\xe5\x9c\xa8\xe6\x89\x80\xe9\x80\x89\xe9\xa1\xb9\xe4\xb8\x8b\xe6\x96\xb9\xe7\xb2\x98\xe8\xb4\xb4", "\xe9\x81\xb8\xe6\x8a\x9e\xe3\x81\xae\xe4\xb8\x8b\xe3\x81\xab\xe8\xb2\xbc\xe3\x82\x8a\xe4\xbb\x98\xe3\x81\x91"},  // HintPaste
    {"Turn the line into a comment, or back", "Die Zeile zu einem Kommentar machen - oder zur\xc3\xbc" "ck", "\xe5\xb0\x86\xe8\xaf\xa5\xe8\xa1\x8c\xe5\x8f\x98\xe4\xb8\xba\xe6\xb3\xa8\xe9\x87\x8a\xef\xbc\x8c\xe6\x88\x96\xe8\xbf\x98\xe5\x8e\x9f", "\xe8\xa1\x8c\xe3\x82\x92\xe3\x82\xb3\xe3\x83\xa1\xe3\x83\xb3\xe3\x83\x88\xe3\x81\xab\xe3\x80\x81\xe3\x81\xbe\xe3\x81\x9f\xe3\x81\xaf\xe5\x85\x83\xe3\x81\xab\xe6\x88\xbb\xe3\x81\x99"},  // HintRem
    {"Search the script", "Im Skript suchen", "\xe6\x90\x9c\xe7\xb4\xa2\xe8\x84\x9a\xe6\x9c\xac", "\xe3\x82\xb9\xe3\x82\xaf\xe3\x83\xaa\xe3\x83\x97\xe3\x83\x88\xe3\x82\x92\xe6\xa4\x9c\xe7\xb4\xa2"},  // HintFind
    {"Move up one line, staying in the same block", "Eine Zeile nach oben - im selben Block", "\xe4\xb8\x8a\xe7\xa7\xbb\xe4\xb8\x80\xe8\xa1\x8c\xef\xbc\x8c\xe4\xbf\x9d\xe6\x8c\x81\xe5\x9c\xa8\xe5\x90\x8c\xe4\xb8\x80\xe5\x9d\x97\xe5\x86\x85", "\xe5\x90\x8c\xe3\x81\x98\xe3\x83\x96\xe3\x83\xad\xe3\x83\x83\xe3\x82\xaf\xe5\x86\x85\xe3\x81\xa7 1 \xe8\xa1\x8c\xe4\xb8\x8a\xe3\x81\xb8"},  // HintMoveUp
    {"Move down one line, staying in the same block", "Eine Zeile nach unten - im selben Block", "\xe4\xb8\x8b\xe7\xa7\xbb\xe4\xb8\x80\xe8\xa1\x8c\xef\xbc\x8c\xe4\xbf\x9d\xe6\x8c\x81\xe5\x9c\xa8\xe5\x90\x8c\xe4\xb8\x80\xe5\x9d\x97\xe5\x86\x85", "\xe5\x90\x8c\xe3\x81\x98\xe3\x83\x96\xe3\x83\xad\xe3\x83\x83\xe3\x82\xaf\xe5\x86\x85\xe3\x81\xa7 1 \xe8\xa1\x8c\xe4\xb8\x8b\xe3\x81\xb8"},  // HintMoveDown
    {"Undo the last change", "Die letzte \xc3\x84nderung zur\xc3\xbc" "cknehmen", "\xe6\x92\xa4\xe9\x94\x80\xe4\xb8\x8a\xe4\xb8\x80\xe6\xac\xa1\xe6\x9b\xb4\xe6\x94\xb9", "\xe7\x9b\xb4\xe5\x89\x8d\xe3\x81\xae\xe5\xa4\x89\xe6\x9b\xb4\xe3\x82\x92\xe5\x8f\x96\xe3\x82\x8a\xe6\xb6\x88\xe3\x81\x99"},  // HintUndo
    {"Redo what was undone", "Das Zur\xc3\xbc" "ckgenommene wiederholen", "\xe9\x87\x8d\xe5\x81\x9a\xe5\xb7\xb2\xe6\x92\xa4\xe9\x94\x80\xe7\x9a\x84\xe6\x93\x8d\xe4\xbd\x9c", "\xe5\x8f\x96\xe3\x82\x8a\xe6\xb6\x88\xe3\x81\x97\xe3\x81\x9f\xe6\x93\x8d\xe4\xbd\x9c\xe3\x82\x92\xe3\x82\x84\xe3\x82\x8a\xe7\x9b\xb4\xe3\x81\x99"},  // HintRedo
    {"Start an empty script", "Ein leeres Skript beginnen", "\xe6\x96\xb0\xe5\xbb\xba\xe7\xa9\xba\xe8\x84\x9a\xe6\x9c\xac", "\xe7\xa9\xba\xe3\x81\xae\xe3\x82\xb9\xe3\x82\xaf\xe3\x83\xaa\xe3\x83\x97\xe3\x83\x88\xe3\x82\x92\xe9\x96\x8b\xe5\xa7\x8b"},  // HintNew
    {"Open a .txt or .ibi", "Eine .txt oder .ibi \xc3\xb6" "ffnen", "\xe6\x89\x93\xe5\xbc\x80 .txt \xe6\x88\x96 .ibi", ".txt \xe3\x81\xbe\xe3\x81\x9f\xe3\x81\xaf .ibi \xe3\x82\x92\xe9\x96\x8b\xe3\x81\x8f"},  // HintOpen
    {"Recently opened files", "Zuletzt ge\xc3\xb6" "ffnete Dateien", "\xe6\x9c\x80\xe8\xbf\x91\xe6\x89\x93\xe5\xbc\x80\xe7\x9a\x84\xe6\x96\x87\xe4\xbb\xb6", "\xe6\x9c\x80\xe8\xbf\x91\xe9\x96\x8b\xe3\x81\x84\xe3\x81\x9f\xe3\x83\x95\xe3\x82\xa1\xe3\x82\xa4\xe3\x83\xab"},  // HintMru
    {"Add another script to the end of this one", "Ein weiteres Skript hinten anh\xc3\xa4ngen", "\xe5\xb0\x86\xe5\x8f\xa6\xe4\xb8\x80\xe4\xb8\xaa\xe8\x84\x9a\xe6\x9c\xac\xe8\xbf\xbd\xe5\x8a\xa0\xe5\x88\xb0\xe6\x9c\xab\xe5\xb0\xbe", "\xe5\x88\xa5\xe3\x81\xae\xe3\x82\xb9\xe3\x82\xaf\xe3\x83\xaa\xe3\x83\x97\xe3\x83\x88\xe3\x82\x92\xe6\x9c\xab\xe5\xb0\xbe\xe3\x81\xab\xe8\xbf\xbd\xe5\x8a\xa0"},  // HintAppend
    {"Save to the same file", "In dieselbe Datei speichern", "\xe4\xbf\x9d\xe5\xad\x98\xe5\x88\xb0\xe5\x90\x8c\xe4\xb8\x80\xe6\x96\x87\xe4\xbb\xb6", "\xe5\x90\x8c\xe3\x81\x98\xe3\x83\x95\xe3\x82\xa1\xe3\x82\xa4\xe3\x83\xab\xe3\x81\xab\xe4\xbf\x9d\xe5\xad\x98"},  // HintSave
    {"Save under a new name", "Unter neuem Namen speichern", "\xe5\x8f\xa6\xe5\xad\x98\xe4\xb8\xba", "\xe5\x90\x8d\xe5\x89\x8d\xe3\x82\x92\xe4\xbb\x98\xe3\x81\x91\xe3\x81\xa6\xe4\xbf\x9d\xe5\xad\x98"},  // HintSaveAs
    {"Write the script as plain text", "Das Skript als reinen Text schreiben", "\xe5\xaf\xbc\xe5\x87\xba\xe4\xb8\xba\xe7\xba\xaf\xe6\x96\x87\xe6\x9c\xac", "\xe3\x83\x97\xe3\x83\xac\xe3\x83\xbc\xe3\x83\xb3\xe3\x83\x86\xe3\x82\xad\xe3\x82\xb9\xe3\x83\x88\xe3\x81\xa8\xe3\x81\x97\xe3\x81\xa6\xe6\x9b\xb8\xe3\x81\x8d\xe5\x87\xba\xe3\x81\x99"},  // HintExport
    {"Keep a copy of the current state", "Eine Kopie des jetzigen Standes ablegen", "\xe5\xa4\x87\xe4\xbb\xbd\xe5\xbd\x93\xe5\x89\x8d\xe7\x8a\xb6\xe6\x80\x81", "\xe7\x8f\xbe\xe5\x9c\xa8\xe3\x81\xae\xe7\x8a\xb6\xe6\x85\x8b\xe3\x82\x92\xe3\x83\x90\xe3\x83\x83\xe3\x82\xaf\xe3\x82\xa2\xe3\x83\x83\xe3\x83\x97"},  // HintBackup
    {"Go back to the last backup", "Zur letzten Sicherung zur\xc3\xbc" "ckgehen", "\xe6\x81\xa2\xe5\xa4\x8d\xe5\x88\xb0\xe4\xb8\x8a\xe6\xac\xa1\xe5\xa4\x87\xe4\xbb\xbd", "\xe6\x9c\x80\xe5\xbe\x8c\xe3\x81\xae\xe3\x83\x90\xe3\x83\x83\xe3\x82\xaf\xe3\x82\xa2\xe3\x83\x83\xe3\x83\x97\xe3\x81\xab\xe6\x88\xbb\xe3\x81\x99"},  // HintRestore
    {"Turn the script into an .ibi the game can run", "Das Skript in eine .ibi \xc3\xbc" "bersetzen, die das Spiel ausf\xc3\xbchrt", "\xe5\xb0\x86\xe8\x84\x9a\xe6\x9c\xac\xe7\xbc\x96\xe8\xaf\x91\xe4\xb8\xba\xe6\xb8\xb8\xe6\x88\x8f\xe5\x8f\xaf\xe8\xbf\x90\xe8\xa1\x8c\xe7\x9a\x84 .ibi", "\xe3\x82\xb2\xe3\x83\xbc\xe3\x83\xa0\xe3\x81\x8c\xe5\xae\x9f\xe8\xa1\x8c\xe3\x81\xa7\xe3\x81\x8d\xe3\x82\x8b .ibi \xe3\x81\xab\xe3\x82\xb3\xe3\x83\xb3\xe3\x83\x91\xe3\x82\xa4\xe3\x83\xab"},  // HintCompile
    {"Settings: language, theme, game folders", "Einstellungen: Sprache, Farben, Spielordner", "\xe8\xae\xbe\xe7\xbd\xae\xef\xbc\x9a\xe8\xaf\xad\xe8\xa8\x80\xe3\x80\x81\xe4\xb8\xbb\xe9\xa2\x98\xe3\x80\x81\xe6\xb8\xb8\xe6\x88\x8f\xe7\x9b\xae\xe5\xbd\x95", "\xe8\xa8\xad\xe5\xae\x9a: \xe8\xa8\x80\xe8\xaa\x9e\xe3\x80\x81\xe3\x83\x86\xe3\x83\xbc\xe3\x83\x9e\xe3\x80\x81\xe3\x82\xb2\xe3\x83\xbc\xe3\x83\xa0\xe3\x83\x95\xe3\x82\xa9\xe3\x83\xab\xe3\x83\x80\xe3\x83\xbc"},  // HintPrefs
    {"no match", "kein Treffer", "\xe6\x97\xa0\xe5\x8c\xb9\xe9\x85\x8d", "\xe8\xa9\xb2\xe5\xbd\x93\xe3\x81\xaa\xe3\x81\x97"},  // MsgNoMatch
    {"currently %d %%", "zurzeit %d %%", "\xe5\xbd\x93\xe5\x89\x8d %d %%", "\xe7\x8f\xbe\xe5\x9c\xa8 %d %%"},  // ViewScaleNow
    {"Entities", "Entities", "\xe5\xae\x9e\xe4\xbd\x93", "\xe3\x82\xa8\xe3\x83\xb3\xe3\x83\x86\xe3\x82\xa3\xe3\x83\x86\xe3\x82\xa3"},  // EntityLayers
    {"Eye toggles visibility. Alt-click an eye to show only that group.", "Das Auge schaltet sichtbar und unsichtbar. Alt-Klick zeigt nur diese Gruppe.", "\xe7\x9c\xbc\xe7\x9d\x9b\xe5\x9b\xbe\xe6\xa0\x87\xe5\x88\x87\xe6\x8d\xa2\xe5\x8f\xaf\xe8\xa7\x81\xe6\x80\xa7\xe3\x80\x82" "Alt+\xe7\x82\xb9\xe5\x87\xbb\xe4\xbb\x85\xe6\x98\xbe\xe7\xa4\xba\xe8\xaf\xa5\xe7\xbb\x84\xe3\x80\x82", "\xe7\x9b\xae\xe3\x81\xae\xe3\x82\xa2\xe3\x82\xa4\xe3\x82\xb3\xe3\x83\xb3\xe3\x81\xa7\xe8\xa1\xa8\xe7\xa4\xba\xe3\x82\x92\xe5\x88\x87\xe3\x82\x8a\xe6\x9b\xbf\xe3\x81\x88\xe3\x81\xbe\xe3\x81\x99\xe3\x80\x82" "Alt \xe3\x82\xaf\xe3\x83\xaa\xe3\x83\x83\xe3\x82\xaf\xe3\x81\xa7\xe3\x81\x9d\xe3\x81\xae\xe3\x82\xb0\xe3\x83\xab\xe3\x83\xbc\xe3\x83\x97\xe3\x81\xae\xe3\x81\xbf\xe8\xa1\xa8\xe7\xa4\xba\xe3\x80\x82"},  // EntityLayersHint
    {"Show all", "Alle zeigen", "\xe5\x85\xa8\xe9\x83\xa8\xe6\x98\xbe\xe7\xa4\xba", "\xe3\x81\x99\xe3\x81\xb9\xe3\x81\xa6\xe8\xa1\xa8\xe7\xa4\xba"},  // EntityShowAll
    {"Search name or class...", "Name oder Klasse suchen ...", "\xe6\x90\x9c\xe7\xb4\xa2\xe5\x90\x8d\xe7\xa7\xb0\xe6\x88\x96\xe7\xb1\xbb...", "\xe5\x90\x8d\xe5\x89\x8d\xe3\x81\xbe\xe3\x81\x9f\xe3\x81\xaf\xe3\x82\xaf\xe3\x83\xa9\xe3\x82\xb9\xe3\x82\x92\xe6\xa4\x9c\xe7\xb4\xa2..."},  // EntitySearch
    {"Double-click: fly there. Right-click: insert a command for it.", "Doppelklick: hinfliegen. Rechtsklick: Befehl daf\xc3\xbcr einf\xc3\xbcgen.", "\xe5\x8f\x8c\xe5\x87\xbb\xef\xbc\x9a\xe9\xa3\x9e\xe8\xbf\x87\xe5\x8e\xbb\xe3\x80\x82\xe5\x8f\xb3\xe9\x94\xae\xef\xbc\x9a\xe4\xb8\xba\xe5\x85\xb6\xe6\x8f\x92\xe5\x85\xa5\xe5\x91\xbd\xe4\xbb\xa4\xe3\x80\x82", "\xe3\x83\x80\xe3\x83\x96\xe3\x83\xab\xe3\x82\xaf\xe3\x83\xaa\xe3\x83\x83\xe3\x82\xaf: \xe7\xa7\xbb\xe5\x8b\x95\xe3\x80\x82\xe5\x8f\xb3\xe3\x82\xaf\xe3\x83\xaa\xe3\x83\x83\xe3\x82\xaf: \xe3\x82\xb3\xe3\x83\x9e\xe3\x83\xb3\xe3\x83\x89\xe3\x82\x92\xe6\x8c\xbf\xe5\x85\xa5\xe3\x80\x82"},  // EntityRowHint
    {"Camera marks (ref_tag)", "Kameramarken (ref_tag)", "\xe6\x91\x84\xe5\x83\x8f\xe6\x9c\xba\xe6\xa0\x87\xe8\xae\xb0 (ref_tag)", "\xe3\x82\xab\xe3\x83\xa1\xe3\x83\xa9\xe3\x83\x9e\xe3\x83\xbc\xe3\x82\xaf (ref_tag)"},  // EntityKatTags
    {"Walk targets (navgoal)", "Laufziele (navgoal)", "\xe8\xa1\x8c\xe8\xb5\xb0\xe7\x9b\xae\xe6\xa0\x87 (navgoal)", "\xe7\xa7\xbb\xe5\x8b\x95\xe5\x85\x88 (navgoal)"},  // EntityKatNav
    {"Look targets", "Blickziele", "\xe6\xb3\xa8\xe8\xa7\x86\xe7\x9b\xae\xe6\xa0\x87", "\xe6\xb3\xa8\xe8\xa6\x96\xe5\x85\x88"},  // EntityKatLook
    {"Characters (NPC_*)", "Figuren (NPC_*)", "\xe8\xa7\x92\xe8\x89\xb2 (NPC_*)", "\xe3\x82\xad\xe3\x83\xa3\xe3\x83\xa9\xe3\x82\xaf\xe3\x82\xbf\xe3\x83\xbc (NPC_*)"},  // EntityKatNpc
    {"Script runners", "Skriptstarter", "\xe8\x84\x9a\xe6\x9c\xac\xe5\x90\xaf\xe5\x8a\xa8\xe5\x99\xa8", "\xe3\x82\xb9\xe3\x82\xaf\xe3\x83\xaa\xe3\x83\x97\xe3\x83\x88\xe8\xb5\xb7\xe5\x8b\x95"},  // EntityKatRunner
    {"Effects (fx_runner)", "Effekte (fx_runner)", "\xe7\x89\xb9\xe6\x95\x88 (fx_runner)", "\xe3\x82\xa8\xe3\x83\x95\xe3\x82\xa7\xe3\x82\xaf\xe3\x83\x88 (fx_runner)"},  // EntityKatFx
    {"Sound and music", "Klang und Musik", "\xe5\xa3\xb0\xe9\x9f\xb3\xe5\x92\x8c\xe9\x9f\xb3\xe4\xb9\x90", "\xe3\x82\xb5\xe3\x82\xa6\xe3\x83\xb3\xe3\x83\x89\xe3\x81\xa8\xe9\x9f\xb3\xe6\xa5\xbd"},  // EntityKatSound
    {"Movable (func_*)", "Bewegliches (func_*)", "\xe5\x8f\xaf\xe7\xa7\xbb\xe5\x8a\xa8 (func_*)", "\xe5\x8f\xaf\xe5\x8b\x95 (func_*)"},  // EntityKatMover
    {"Breakables", "Zerbrechliches", "\xe5\x8f\xaf\xe7\xa0\xb4\xe5\x9d\x8f\xe7\x89\xa9", "\xe7\xa0\xb4\xe5\xa3\x8a\xe5\x8f\xaf\xe8\x83\xbd"},  // EntityKatBreak
    {"Fly there", "Hinfliegen", "\xe9\xa3\x9e\xe8\xbf\x87\xe5\x8e\xbb", "\xe3\x81\x9d\xe3\x81\x93\xe3\x81\xb8\xe7\xa7\xbb\xe5\x8b\x95"},  // EntityFlyTo
    {"Copy name", "Namen kopieren", "\xe5\xa4\x8d\xe5\x88\xb6\xe5\x90\x8d\xe7\xa7\xb0", "\xe5\x90\x8d\xe5\x89\x8d\xe3\x82\x92\xe3\x82\xb3\xe3\x83\x94\xe3\x83\xbc"},  // EntityCopyName
    {"Camera to this mark (MOVE + PAN)", "Kamera auf diese Marke (MOVE + PAN)", "\xe6\x91\x84\xe5\x83\x8f\xe6\x9c\xba\xe5\x88\xb0\xe6\xad\xa4\xe6\xa0\x87\xe8\xae\xb0 (MOVE + PAN)", "\xe3\x82\xab\xe3\x83\xa1\xe3\x83\xa9\xe3\x82\x92\xe3\x81\x93\xe3\x81\xae\xe3\x83\x9e\xe3\x83\xbc\xe3\x82\xaf\xe3\x81\xb8 (MOVE + PAN)"},  // EntityCamToTag
    {"Insert as walk target (SET_NAVGOAL)", "Als Laufziel einf\xc3\xbcgen (SET_NAVGOAL)", "\xe4\xbd\x9c\xe4\xb8\xba\xe8\xa1\x8c\xe8\xb5\xb0\xe7\x9b\xae\xe6\xa0\x87\xe6\x8f\x92\xe5\x85\xa5 (SET_NAVGOAL)", "\xe7\xa7\xbb\xe5\x8b\x95\xe5\x85\x88\xe3\x81\xa8\xe3\x81\x97\xe3\x81\xa6\xe6\x8c\xbf\xe5\x85\xa5 (SET_NAVGOAL)"},  // EntityAsNavgoal
    {"Insert as look target (SET_LOOK_TARGET)", "Als Blickziel einf\xc3\xbcgen (SET_LOOK_TARGET)", "\xe4\xbd\x9c\xe4\xb8\xba\xe6\xb3\xa8\xe8\xa7\x86\xe7\x9b\xae\xe6\xa0\x87\xe6\x8f\x92\xe5\x85\xa5 (SET_LOOK_TARGET)", "\xe6\xb3\xa8\xe8\xa6\x96\xe5\x85\x88\xe3\x81\xa8\xe3\x81\x97\xe3\x81\xa6\xe6\x8c\xbf\xe5\x85\xa5 (SET_LOOK_TARGET)"},  // EntityAsLook
    {"Turn towards it (SET_WATCHTARGET)", "Dorthin drehen (SET_WATCHTARGET)", "\xe8\xbd\xac\xe5\x90\x91\xe5\xae\x83 (SET_WATCHTARGET)", "\xe3\x81\x9d\xe3\x81\xa1\xe3\x82\x89\xe3\x82\x92\xe5\x90\x91\xe3\x81\x8f (SET_WATCHTARGET)"},  // EntityAsWatch
    {"Insert affect block", "affect-Block einf\xc3\xbcgen", "\xe6\x8f\x92\xe5\x85\xa5 affect \xe5\x9d\x97", "affect \xe3\x83\x96\xe3\x83\xad\xe3\x83\x83\xe3\x82\xaf\xe3\x82\x92\xe6\x8c\xbf\xe5\x85\xa5"},  // EntityAffect
    {"Insert use", "use einf\xc3\xbcgen", "\xe6\x8f\x92\xe5\x85\xa5 use", "use \xe3\x82\x92\xe6\x8c\xbf\xe5\x85\xa5"},  // EntityUse
    {"%d of %d", "%d von %d", "%d / %d", "%d / %d"},  // EntityCount
    {"%d of %d figures have a model", "%d von %d Figuren haben ein Modell", "%d / %d \xe8\xa7\x92\xe8\x89\xb2\xe6\x9c\x89\xe6\xa8\xa1\xe5\x9e\x8b", "%d / %d \xe3\x81\xae\xe3\x82\xad\xe3\x83\xa3\xe3\x83\xa9\xe3\x82\xaf\xe3\x82\xbf\xe3\x83\xbc\xe3\x81\xab\xe3\x83\xa2\xe3\x83\x87\xe3\x83\xab\xe3\x81\x82\xe3\x82\x8a"},  // ActorsFound
    {"The script has no affect blocks - no figures to show", "Das Skript hat keine affect-Bl\xc3\xb6" "cke - es gibt keine Figuren zu zeigen", "\xe8\x84\x9a\xe6\x9c\xac\xe6\xb2\xa1\xe6\x9c\x89 affect \xe5\x9d\x97 \xe2\x80\x94 \xe6\xb2\xa1\xe6\x9c\x89\xe5\x8f\xaf\xe6\x98\xbe\xe7\xa4\xba\xe7\x9a\x84\xe8\xa7\x92\xe8\x89\xb2", "\xe3\x82\xb9\xe3\x82\xaf\xe3\x83\xaa\xe3\x83\x97\xe3\x83\x88\xe3\x81\xab affect \xe3\x83\x96\xe3\x83\xad\xe3\x83\x83\xe3\x82\xaf\xe3\x81\x8c\xe3\x81\x82\xe3\x82\x8a\xe3\x81\xbe\xe3\x81\x9b\xe3\x82\x93\xe3\x80\x82\xe8\xa1\xa8\xe7\xa4\xba\xe3\x81\x99\xe3\x82\x8b\xe3\x82\xad\xe3\x83\xa3\xe3\x83\xa9\xe3\x82\xaf\xe3\x82\xbf\xe3\x83\xbc\xe3\x81\xaf\xe3\x81\x82\xe3\x82\x8a\xe3\x81\xbe\xe3\x81\x9b\xe3\x82\x93"},  // ActorsNoAffect
    {"No .npc files in the game folders - without them NPC_type cannot be resolved to a model", "Keine .npc-Dateien in den Spielordnern - ohne sie l\xc3\xa4sst sich NPC_type keinem Modell zuordnen", "\xe6\xb8\xb8\xe6\x88\x8f\xe7\x9b\xae\xe5\xbd\x95\xe4\xb8\xad\xe6\xb2\xa1\xe6\x9c\x89 .npc \xe6\x96\x87\xe4\xbb\xb6 \xe2\x80\x94 \xe6\x97\xa0\xe6\xb3\x95\xe5\xb0\x86 NPC_type \xe8\xa7\xa3\xe6\x9e\x90\xe4\xb8\xba\xe6\xa8\xa1\xe5\x9e\x8b", "\xe3\x82\xb2\xe3\x83\xbc\xe3\x83\xa0\xe3\x83\x95\xe3\x82\xa9\xe3\x83\xab\xe3\x83\x80\xe3\x83\xbc\xe3\x81\xab .npc \xe3\x81\x8c\xe3\x81\x82\xe3\x82\x8a\xe3\x81\xbe\xe3\x81\x9b\xe3\x82\x93\xe3\x80\x82NPC_type \xe3\x82\x92\xe3\x83\xa2\xe3\x83\x87\xe3\x83\xab\xe3\x81\xab\xe5\xaf\xbe\xe5\xbf\x9c\xe3\x81\xa5\xe3\x81\x91\xe3\x82\x89\xe3\x82\x8c\xe3\x81\xbe\xe3\x81\x9b\xe3\x82\x93"},  // ActorsNoNpcFiles
    {"%d figures have no NPC_type in the script", "%d Figuren haben im Skript kein NPC_type", "%d \xe4\xb8\xaa\xe8\xa7\x92\xe8\x89\xb2\xe5\x9c\xa8\xe8\x84\x9a\xe6\x9c\xac\xe4\xb8\xad\xe6\xb2\xa1\xe6\x9c\x89 NPC_type", "%d \xe4\xbd\x93\xe3\x81\xae\xe3\x82\xad\xe3\x83\xa3\xe3\x83\xa9\xe3\x82\xaf\xe3\x82\xbf\xe3\x83\xbc\xe3\x81\xab\xe3\x82\xb9\xe3\x82\xaf\xe3\x83\xaa\xe3\x83\x97\xe3\x83\x88\xe5\x86\x85\xe3\x81\xa7 NPC_type \xe3\x81\x8c\xe3\x81\x82\xe3\x82\x8a\xe3\x81\xbe\xe3\x81\x9b\xe3\x82\x93"},  // ActorsNoType
    {"%d NPC types are not in the %d entries of the .npc files", "%d NPC-Typen stehen nicht in den %d Eintr\xc3\xa4gen der .npc-Dateien", "%d \xe4\xb8\xaa NPC \xe7\xb1\xbb\xe5\x9e\x8b\xe4\xb8\x8d\xe5\x9c\xa8 .npc \xe6\x96\x87\xe4\xbb\xb6\xe7\x9a\x84 %d \xe4\xb8\xaa\xe6\x9d\xa1\xe7\x9b\xae\xe4\xb8\xad", "%d \xe5\x80\x8b\xe3\x81\xae NPC \xe3\x82\xbf\xe3\x82\xa4\xe3\x83\x97\xe3\x81\x8c .npc \xe3\x81\xae %d \xe9\xa0\x85\xe7\x9b\xae\xe3\x81\xab\xe8\xa6\x8b\xe3\x81\xa4\xe3\x81\x8b\xe3\x82\x8a\xe3\x81\xbe\xe3\x81\x9b\xe3\x82\x93"},  // ActorsNoNpcEntry
    {"%d models are not in any archive - is the mod folder listed?", "%d Modelle liegen in keinem Archiv - ist der Mod-Ordner eingetragen?", "%d \xe4\xb8\xaa\xe6\xa8\xa1\xe5\x9e\x8b\xe4\xb8\x8d\xe5\x9c\xa8\xe4\xbb\xbb\xe4\xbd\x95\xe5\xbd\x92\xe6\xa1\xa3\xe4\xb8\xad \xe2\x80\x94 \xe6\x98\xaf\xe5\x90\xa6\xe5\xb7\xb2\xe6\xb7\xbb\xe5\x8a\xa0 MOD \xe7\x9b\xae\xe5\xbd\x95\xef\xbc\x9f", "%d \xe5\x80\x8b\xe3\x81\xae\xe3\x83\xa2\xe3\x83\x87\xe3\x83\xab\xe3\x81\x8c\xe3\x81\xa9\xe3\x81\xae\xe3\x82\xa2\xe3\x83\xbc\xe3\x82\xab\xe3\x82\xa4\xe3\x83\x96\xe3\x81\xab\xe3\x82\x82\xe3\x81\x82\xe3\x82\x8a\xe3\x81\xbe\xe3\x81\x9b\xe3\x82\x93\xe3\x80\x82MOD \xe3\x83\x95\xe3\x82\xa9\xe3\x83\xab\xe3\x83\x80\xe3\x83\xbc\xe3\x81\xaf\xe7\x99\xbb\xe9\x8c\xb2\xe6\xb8\x88\xe3\x81\xbf\xe3\x81\xa7\xe3\x81\x99\xe3\x81\x8b\xef\xbc\x9f"},  // ActorsNoGlm
    {"%d models could not be read", "%d Modelle lie\xc3\x9f" "en sich nicht lesen", "%d \xe4\xb8\xaa\xe6\xa8\xa1\xe5\x9e\x8b\xe6\x97\xa0\xe6\xb3\x95\xe8\xaf\xbb\xe5\x8f\x96", "%d \xe5\x80\x8b\xe3\x81\xae\xe3\x83\xa2\xe3\x83\x87\xe3\x83\xab\xe3\x82\x92\xe8\xaa\xad\xe3\x81\xbf\xe8\xbe\xbc\xe3\x82\x81\xe3\x81\xbe\xe3\x81\x9b\xe3\x82\x93\xe3\x81\xa7\xe3\x81\x97\xe3\x81\x9f"},  // ActorsBadGlm
    {"%s (%s)", "%s (%s)", "%s\xef\xbc\x88%s\xef\xbc\x89", "%s\xef\xbc\x88%s\xef\xbc\x89"},  // PickedEntity
    {"used %d times in the script", "%d mal im Skript benutzt", "\xe5\x9c\xa8\xe8\x84\x9a\xe6\x9c\xac\xe4\xb8\xad\xe4\xbd\xbf\xe7\x94\xa8 %d \xe6\xac\xa1", "\xe3\x82\xb9\xe3\x82\xaf\xe3\x83\xaa\xe3\x83\x97\xe3\x83\x88\xe3\x81\xa7 %d \xe5\x9b\x9e\xe4\xbd\xbf\xe7\x94\xa8"},  // PickedUses
    {"not used in this script", "in diesem Skript nicht benutzt", "\xe6\xad\xa4\xe8\x84\x9a\xe6\x9c\xac\xe4\xb8\xad\xe6\x9c\xaa\xe4\xbd\xbf\xe7\x94\xa8", "\xe3\x81\x93\xe3\x81\xae\xe3\x82\xb9\xe3\x82\xaf\xe3\x83\xaa\xe3\x83\x97\xe3\x83\x88\xe3\x81\xa7\xe3\x81\xaf\xe6\x9c\xaa\xe4\xbd\xbf\xe7\x94\xa8"},  // PickedUnused
    {"Click an entity in the view to see where the script uses it", "Eine Entity im Bild anklicken, um zu sehen, wo das Skript sie benutzt", "\xe7\x82\xb9\xe5\x87\xbb\xe8\xa7\x86\xe5\x9b\xbe\xe4\xb8\xad\xe7\x9a\x84\xe5\xae\x9e\xe4\xbd\x93\xe4\xbb\xa5\xe6\x9f\xa5\xe7\x9c\x8b\xe8\x84\x9a\xe6\x9c\xac\xe5\x9c\xa8\xe4\xbd\x95\xe5\xa4\x84\xe4\xbd\xbf\xe7\x94\xa8\xe5\xae\x83", "\xe3\x83\x93\xe3\x83\xa5\xe3\x83\xbc\xe5\x86\x85\xe3\x81\xae\xe3\x82\xa8\xe3\x83\xb3\xe3\x83\x86\xe3\x82\xa3\xe3\x83\x86\xe3\x82\xa3\xe3\x82\x92\xe3\x82\xaf\xe3\x83\xaa\xe3\x83\x83\xe3\x82\xaf\xe3\x81\x99\xe3\x82\x8b\xe3\x81\xa8\xe3\x80\x81\xe3\x82\xb9\xe3\x82\xaf\xe3\x83\xaa\xe3\x83\x97\xe3\x83\x88\xe3\x81\xa7\xe3\x81\xae\xe4\xbd\xbf\xe7\x94\xa8\xe7\xae\x87\xe6\x89\x80\xe3\x81\x8c\xe5\x88\x86\xe3\x81\x8b\xe3\x82\x8a\xe3\x81\xbe\xe3\x81\x99"},  // PickHint
    {"Load mission...", "Mission laden...", "\xe5\x8a\xa0\xe8\xbd\xbd\xe4\xbb\xbb\xe5\x8a\xa1\xe2\x80\xa6", "\xe3\x83\x9f\xe3\x83\x83\xe3\x82\xb7\xe3\x83\xa7\xe3\x83\xb3\xe3\x82\x92\xe8\xaa\xad\xe3\x81\xbf\xe8\xbe\xbc\xe3\x82\x80\xe2\x80\xa6"},  // LoadMission
    {"Pick a .pk3 and everything is set up: map, entities, script, figures", "Eine .pk3 w\xc3\xa4hlen - Karte, Entities, Skript und Figuren werden eingerichtet", "\xe9\x80\x89\xe6\x8b\xa9\xe4\xb8\x80\xe4\xb8\xaa .pk3\xef\xbc\x8c\xe5\x9c\xb0\xe5\x9b\xbe\xe3\x80\x81\xe5\xae\x9e\xe4\xbd\x93\xe3\x80\x81\xe8\x84\x9a\xe6\x9c\xac\xe5\x92\x8c\xe8\xa7\x92\xe8\x89\xb2\xe5\xb0\x86\xe4\xb8\x80\xe5\xb9\xb6\xe8\xae\xbe\xe7\xbd\xae", ".pk3 \xe3\x82\x92\xe9\x81\xb8\xe3\x81\xb6\xe3\x81\xa8\xe3\x80\x81\xe3\x83\x9e\xe3\x83\x83\xe3\x83\x97\xe3\x83\xbb\xe3\x82\xa8\xe3\x83\xb3\xe3\x83\x86\xe3\x82\xa3\xe3\x83\x86\xe3\x82\xa3\xe3\x83\xbb\xe3\x82\xb9\xe3\x82\xaf\xe3\x83\xaa\xe3\x83\x97\xe3\x83\x88\xe3\x83\xbb\xe3\x82\xad\xe3\x83\xa3\xe3\x83\xa9\xe3\x82\xaf\xe3\x82\xbf\xe3\x83\xbc\xe3\x81\x8c\xe3\x81\xbe\xe3\x81\xa8\xe3\x82\x81\xe3\x81\xa6\xe8\xa8\xad\xe5\xae\x9a\xe3\x81\x95\xe3\x82\x8c\xe3\x81\xbe\xe3\x81\x99"},  // LoadMissionHint
    {"Missions in this archive", "Missionen in diesem Archiv", "\xe6\xad\xa4\xe5\xbd\x92\xe6\xa1\xa3\xe4\xb8\xad\xe7\x9a\x84\xe4\xbb\xbb\xe5\x8a\xa1", "\xe3\x81\x93\xe3\x81\xae\xe3\x82\xa2\xe3\x83\xbc\xe3\x82\xab\xe3\x82\xa4\xe3\x83\x96\xe3\x81\xae\xe3\x83\x9f\xe3\x83\x83\xe3\x82\xb7\xe3\x83\xa7\xe3\x83\xb3"},  // MissionPick
    {"No mission found - this archive has no map with scripts", "Keine Mission gefunden - dieses Archiv hat keine Karte mit Skripten", "\xe6\x9c\xaa\xe6\x89\xbe\xe5\x88\xb0\xe4\xbb\xbb\xe5\x8a\xa1 \xe2\x80\x94 \xe6\xad\xa4\xe5\xbd\x92\xe6\xa1\xa3\xe6\xb2\xa1\xe6\x9c\x89\xe5\xb8\xa6\xe8\x84\x9a\xe6\x9c\xac\xe7\x9a\x84\xe5\x9c\xb0\xe5\x9b\xbe", "\xe3\x83\x9f\xe3\x83\x83\xe3\x82\xb7\xe3\x83\xa7\xe3\x83\xb3\xe3\x81\x8c\xe8\xa6\x8b\xe3\x81\xa4\xe3\x81\x8b\xe3\x82\x8a\xe3\x81\xbe\xe3\x81\x9b\xe3\x82\x93\xe3\x80\x82\xe3\x82\xb9\xe3\x82\xaf\xe3\x83\xaa\xe3\x83\x97\xe3\x83\x88\xe4\xbb\x98\xe3\x81\x8d\xe3\x81\xae\xe3\x83\x9e\xe3\x83\x83\xe3\x83\x97\xe3\x81\x8c\xe3\x81\x82\xe3\x82\x8a\xe3\x81\xbe\xe3\x81\x9b\xe3\x82\x93"},  // MissionNone
    {"no scripts", "keine Skripte", "\xe6\x97\xa0\xe8\x84\x9a\xe6\x9c\xac", "\xe3\x82\xb9\xe3\x82\xaf\xe3\x83\xaa\xe3\x83\x97\xe3\x83\x88\xe3\x81\xaa\xe3\x81\x97"},  // MissionDuel
    {"%s: map, %d entities, %d scripts", "%s: Karte, %d Entities, %d Skripte", "%s\xef\xbc\x9a\xe5\x9c\xb0\xe5\x9b\xbe\xef\xbc\x8c%d \xe4\xb8\xaa\xe5\xae\x9e\xe4\xbd\x93\xef\xbc\x8c%d \xe4\xb8\xaa\xe8\x84\x9a\xe6\x9c\xac", "%s: \xe3\x83\x9e\xe3\x83\x83\xe3\x83\x97, %d \xe3\x82\xa8\xe3\x83\xb3\xe3\x83\x86\xe3\x82\xa3\xe3\x83\x86\xe3\x82\xa3, %d \xe3\x82\xb9\xe3\x82\xaf\xe3\x83\xaa\xe3\x83\x97\xe3\x83\x88"},  // MissionLoaded
    {"Scripts", "Skripte", "\xe8\x84\x9a\xe6\x9c\xac", "\xe3\x82\xb9\xe3\x82\xaf\xe3\x83\xaa\xe3\x83\x97\xe3\x83\x88"},  // MapScripts
    {"The scripts this map's entities point to - open one to load the cutscene", "Die Skripte, auf die die Entities dieser Karte zeigen - eines \xc3\xb6" "ffnen l\xc3\xa4" "dt die Zwischensequenz", "\xe6\xad\xa4\xe5\x9c\xb0\xe5\x9b\xbe\xe5\xae\x9e\xe4\xbd\x93\xe6\x8c\x87\xe5\x90\x91\xe7\x9a\x84\xe8\x84\x9a\xe6\x9c\xac \xe2\x80\x94 \xe6\x89\x93\xe5\xbc\x80\xe5\x85\xb6\xe4\xb8\x80\xe5\x8d\xb3\xe5\x8f\xaf\xe5\x8a\xa0\xe8\xbd\xbd\xe8\xbf\x87\xe5\x9c\xba\xe5\x8a\xa8\xe7\x94\xbb", "\xe3\x81\x93\xe3\x81\xae\xe3\x83\x9e\xe3\x83\x83\xe3\x83\x97\xe3\x81\xae\xe3\x82\xa8\xe3\x83\xb3\xe3\x83\x86\xe3\x82\xa3\xe3\x83\x86\xe3\x82\xa3\xe3\x81\x8c\xe5\x8f\x82\xe7\x85\xa7\xe3\x81\x99\xe3\x82\x8b\xe3\x82\xb9\xe3\x82\xaf\xe3\x83\xaa\xe3\x83\x97\xe3\x83\x88\xe3\x80\x82\xe9\x96\x8b\xe3\x81\x8f\xe3\x81\xa8\xe3\x82\xab\xe3\x83\x83\xe3\x83\x88\xe3\x82\xb7\xe3\x83\xbc\xe3\x83\xb3\xe3\x82\x92\xe8\xaa\xad\xe3\x81\xbf\xe8\xbe\xbc\xe3\x81\xbf\xe3\x81\xbe\xe3\x81\x99"},  // MapScriptsHint
    {"No scripts referenced by this map", "Diese Karte verweist auf keine Skripte", "\xe6\xad\xa4\xe5\x9c\xb0\xe5\x9b\xbe\xe6\x9c\xaa\xe5\xbc\x95\xe7\x94\xa8\xe8\x84\x9a\xe6\x9c\xac", "\xe3\x81\x93\xe3\x81\xae\xe3\x83\x9e\xe3\x83\x83\xe3\x83\x97\xe3\x81\xaf\xe3\x82\xb9\xe3\x82\xaf\xe3\x83\xaa\xe3\x83\x97\xe3\x83\x88\xe3\x82\x92\xe5\x8f\x82\xe7\x85\xa7\xe3\x81\x97\xe3\x81\xa6\xe3\x81\x84\xe3\x81\xbe\xe3\x81\x9b\xe3\x82\x93"},  // MapScriptsNone
    {"not found", "nicht gefunden", "\xe6\x9c\xaa\xe6\x89\xbe\xe5\x88\xb0", "\xe8\xa6\x8b\xe3\x81\xa4\xe3\x81\x8b\xe3\x82\x8a\xe3\x81\xbe\xe3\x81\x9b\xe3\x82\x93"},  // MapScriptMissing
    {"Figures", "Figuren", "\xe8\xa7\x92\xe8\x89\xb2", "\xe3\x82\xad\xe3\x83\xa3\xe3\x83\xa9\xe3\x82\xaf\xe3\x82\xbf\xe3\x83\xbc"},  // MapActors
    {"Show the script's characters in the map, moved by the timeline", "Die Figuren des Skripts in der Karte zeigen, bewegt von der Zeitleiste", "\xe5\x9c\xa8\xe5\x9c\xb0\xe5\x9b\xbe\xe4\xb8\xad\xe6\x98\xbe\xe7\xa4\xba\xe8\x84\x9a\xe6\x9c\xac\xe7\x9a\x84\xe8\xa7\x92\xe8\x89\xb2\xef\xbc\x8c\xe7\x94\xb1\xe6\x97\xb6\xe9\x97\xb4\xe8\xbd\xb4\xe9\xa9\xb1\xe5\x8a\xa8", "\xe3\x82\xb9\xe3\x82\xaf\xe3\x83\xaa\xe3\x83\x97\xe3\x83\x88\xe3\x81\xae\xe3\x82\xad\xe3\x83\xa3\xe3\x83\xa9\xe3\x82\xaf\xe3\x82\xbf\xe3\x83\xbc\xe3\x82\x92\xe3\x83\x9e\xe3\x83\x83\xe3\x83\x97\xe3\x81\xab\xe8\xa1\xa8\xe7\xa4\xba\xe3\x81\x97\xe3\x80\x81\xe3\x82\xbf\xe3\x82\xa4\xe3\x83\xa0\xe3\x83\xa9\xe3\x82\xa4\xe3\x83\xb3\xe3\x81\xa7\xe5\x8b\x95\xe3\x81\x8b\xe3\x81\x97\xe3\x81\xbe\xe3\x81\x99"},  // MapActorsHint
    {"No models found - add a game folder so the NPC types can be resolved", "Keine Modelle gefunden - einen Spielordner hinzuf\xc3\xbcgen, damit die NPC-Typen aufgel\xc3\xb6st werden k\xc3\xb6nnen", "\xe6\x9c\xaa\xe6\x89\xbe\xe5\x88\xb0\xe6\xa8\xa1\xe5\x9e\x8b \xe2\x80\x94 \xe8\xaf\xb7\xe6\xb7\xbb\xe5\x8a\xa0\xe6\xb8\xb8\xe6\x88\x8f\xe7\x9b\xae\xe5\xbd\x95\xe4\xbb\xa5\xe8\xa7\xa3\xe6\x9e\x90 NPC \xe7\xb1\xbb\xe5\x9e\x8b", "\xe3\x83\xa2\xe3\x83\x87\xe3\x83\xab\xe3\x81\x8c\xe8\xa6\x8b\xe3\x81\xa4\xe3\x81\x8b\xe3\x82\x8a\xe3\x81\xbe\xe3\x81\x9b\xe3\x82\x93\xe3\x80\x82NPC \xe3\x82\xbf\xe3\x82\xa4\xe3\x83\x97\xe3\x82\x92\xe8\xa7\xa3\xe6\xb1\xba\xe3\x81\x99\xe3\x82\x8b\xe3\x81\xab\xe3\x81\xaf\xe3\x82\xb2\xe3\x83\xbc\xe3\x83\xa0\xe3\x83\x95\xe3\x82\xa9\xe3\x83\xab\xe3\x83\x80\xe3\x83\xbc\xe3\x82\x92\xe8\xbf\xbd\xe5\x8a\xa0\xe3\x81\x97\xe3\x81\xa6\xe3\x81\x8f\xe3\x81\xa0\xe3\x81\x95\xe3\x81\x84"},  // ActorsNoModels
    {"Follow", "Mitfahren", "\xe8\xb7\x9f\xe9\x9a\x8f", "\xe8\xbf\xbd\xe5\xbe\x93"},  // TlFollow
    {"Move the view along the camera path while playing", "Die Ansicht beim Abspielen der Kamerabahn folgen lassen", "\xe6\x92\xad\xe6\x94\xbe\xe6\x97\xb6\xe8\xae\xa9\xe8\xa7\x86\xe5\x9b\xbe\xe8\xb7\x9f\xe9\x9a\x8f\xe6\x91\x84\xe5\x83\x8f\xe6\x9c\xba\xe8\xb7\xaf\xe5\xbe\x84", "\xe5\x86\x8d\xe7\x94\x9f\xe4\xb8\xad\xe3\x80\x81\xe3\x83\x93\xe3\x83\xa5\xe3\x83\xbc\xe3\x82\x92\xe3\x82\xab\xe3\x83\xa1\xe3\x83\xa9\xe3\x83\x91\xe3\x82\xb9\xe3\x81\xab\xe8\xbf\xbd\xe5\xbe\x93\xe3\x81\x95\xe3\x81\x9b\xe3\x81\xbe\xe3\x81\x99"},  // TlFollowHint
    {"Sky", "Himmel", "\xe5\xa4\xa9\xe7\xa9\xba", "\xe7\xa9\xba"},  // MapSky
    {"Sky surfaces enclose the map like a box - hiding them lets you look in from outside", "Himmelsfl\xc3\xa4" "chen umschlie\xc3\x9f" "en die Karte wie einen Kasten - ausgeblendet sieht man von au\xc3\x9f" "en hinein", "\xe5\xa4\xa9\xe7\xa9\xba\xe9\x9d\xa2\xe5\x83\x8f\xe7\x9b\x92\xe5\xad\x90\xe4\xb8\x80\xe6\xa0\xb7\xe5\x8c\x85\xe5\x9b\xb4\xe5\x9c\xb0\xe5\x9b\xbe \xe2\x80\x94 \xe9\x9a\x90\xe8\x97\x8f\xe5\x90\x8e\xe5\x8f\xaf\xe4\xbb\x8e\xe5\xa4\x96\xe9\x83\xa8\xe7\x9c\x8b\xe8\xbf\x9b\xe5\x8e\xbb", "\xe7\xa9\xba\xe3\x81\xae\xe9\x9d\xa2\xe3\x81\xaf\xe3\x83\x9e\xe3\x83\x83\xe3\x83\x97\xe3\x82\x92\xe7\xae\xb1\xe3\x81\xae\xe3\x82\x88\xe3\x81\x86\xe3\x81\xab\xe5\x9b\xb2\xe3\x81\xbf\xe3\x81\xbe\xe3\x81\x99\xe3\x80\x82\xe9\x9a\xa0\xe3\x81\x99\xe3\x81\xa8\xe5\xa4\x96\xe3\x81\x8b\xe3\x82\x89\xe4\xb8\xad\xe3\x81\x8c\xe8\xa6\x8b\xe3\x81\x88\xe3\x81\xbe\xe3\x81\x99"},  // MapSkyHint
    {"Entities", "Entities", "\xe5\xae\x9e\xe4\xbd\x93", "\xe3\x82\xa8\xe3\x83\xb3\xe3\x83\x86\xe3\x82\xa3\xe3\x83\x86\xe3\x82\xa3"},  // MapEntities
    {"Names", "Namen", "\xe5\x90\x8d\xe7\xa7\xb0", "\xe5\x90\x8d\xe5\x89\x8d"},  // MapNames
    {"Show the names of entities and characters in the view", "Namen von Entities und Figuren in der Ansicht zeigen", "\xe5\x9c\xa8\xe8\xa7\x86\xe5\x9b\xbe\xe4\xb8\xad\xe6\x98\xbe\xe7\xa4\xba\xe5\xae\x9e\xe4\xbd\x93\xe5\x92\x8c\xe8\xa7\x92\xe8\x89\xb2\xe7\x9a\x84\xe5\x90\x8d\xe7\xa7\xb0", "\xe3\x83\x93\xe3\x83\xa5\xe3\x83\xbc\xe3\x81\xab\xe3\x82\xa8\xe3\x83\xb3\xe3\x83\x86\xe3\x82\xa3\xe3\x83\x86\xe3\x82\xa3\xe3\x81\xa8\xe3\x82\xad\xe3\x83\xa3\xe3\x83\xa9\xe3\x82\xaf\xe3\x82\xbf\xe3\x83\xbc\xe3\x81\xae\xe5\x90\x8d\xe5\x89\x8d\xe3\x82\x92\xe8\xa1\xa8\xe7\xa4\xba"},  // MapNamesHint
    {"Navgoals, look targets, script runners and NPC spawns from the map", "Wegpunkte, Blickziele, Skriptstarter und NPC-Punkte aus der Karte", "\xe5\x9c\xb0\xe5\x9b\xbe\xe4\xb8\xad\xe7\x9a\x84\xe5\xaf\xbc\xe8\x88\xaa\xe7\x82\xb9\xe3\x80\x81\xe6\xb3\xa8\xe8\xa7\x86\xe7\x9b\xae\xe6\xa0\x87\xe3\x80\x81\xe8\x84\x9a\xe6\x9c\xac\xe8\xa7\xa6\xe5\x8f\x91\xe5\x99\xa8\xe5\x92\x8c NPC \xe5\x87\xba\xe7\x94\x9f\xe7\x82\xb9", "\xe3\x83\x9e\xe3\x83\x83\xe3\x83\x97\xe3\x81\xae\xe3\x83\x8a\xe3\x83\x93\xe3\x82\xb4\xe3\x83\xbc\xe3\x83\xab\xe3\x80\x81\xe6\xb3\xa8\xe8\xa6\x96\xe3\x82\xbf\xe3\x83\xbc\xe3\x82\xb2\xe3\x83\x83\xe3\x83\x88\xe3\x80\x81\xe3\x82\xb9\xe3\x82\xaf\xe3\x83\xaa\xe3\x83\x97\xe3\x83\x88\xe8\xb5\xb7\xe5\x8b\x95\xe3\x80\x81NPC \xe5\x87\xba\xe7\x8f\xbe\xe7\x82\xb9"},  // MapEntitiesHint
    {"Model", "Modell", "\xe6\xa8\xa1\xe5\x9e\x8b", "\xe3\x83\xa2\xe3\x83\x87\xe3\x83\xab"},  // ViewModel
    {"A Ghoul2 model, to look at figures", "Ein Ghoul2-Modell, um Figuren anzusehen", "Ghoul2 \xe6\xa8\xa1\xe5\x9e\x8b\xef\xbc\x8c\xe7\x94\xa8\xe4\xba\x8e\xe6\x9f\xa5\xe7\x9c\x8b\xe8\xa7\x92\xe8\x89\xb2", "Ghoul2 \xe3\x83\xa2\xe3\x83\x87\xe3\x83\xab\xe3\x80\x82\xe3\x82\xad\xe3\x83\xa3\xe3\x83\xa9\xe3\x82\xaf\xe3\x82\xbf\xe3\x83\xbc\xe3\x82\x92\xe7\xa2\xba\xe8\xaa\x8d\xe3\x81\x97\xe3\x81\xbe\xe3\x81\x99"},  // ModeModelHint
    {"Load a model (File \xe2\x86\x92 Browse .pk3 \xe2\x86\x92 Models)", "Modell laden (Datei \xe2\x86\x92 In .pk3 bl\xc3\xa4ttern \xe2\x86\x92 Modelle)", "\xe5\x8a\xa0\xe8\xbd\xbd\xe6\xa8\xa1\xe5\x9e\x8b\xef\xbc\x88\xe6\x96\x87\xe4\xbb\xb6 \xe2\x86\x92 \xe6\xb5\x8f\xe8\xa7\x88 .pk3 \xe2\x86\x92 \xe6\xa8\xa1\xe5\x9e\x8b\xef\xbc\x89", "\xe3\x83\xa2\xe3\x83\x87\xe3\x83\xab\xe3\x82\x92\xe8\xaa\xad\xe3\x81\xbf\xe8\xbe\xbc\xe3\x82\x80\xef\xbc\x88\xe3\x83\x95\xe3\x82\xa1\xe3\x82\xa4\xe3\x83\xab \xe2\x86\x92 .pk3 \xe3\x82\x92\xe5\x8f\x82\xe7\x85\xa7 \xe2\x86\x92 \xe3\x83\xa2\xe3\x83\x87\xe3\x83\xab\xef\xbc\x89"},  // ModelNone
    {"%d surfaces, %d triangles, %d bones", "%d Fl\xc3\xa4" "chen, %d Dreiecke, %d Knochen", "%d \xe4\xb8\xaa\xe9\x9d\xa2\xef\xbc\x8c%d \xe4\xb8\xaa\xe4\xb8\x89\xe8\xa7\x92\xe5\xbd\xa2\xef\xbc\x8c%d \xe6\xa0\xb9\xe9\xaa\xa8\xe9\xaa\xbc", "%d \xe3\x82\xb5\xe3\x83\xbc\xe3\x83\x95\xe3\x82\xa7\xe3\x82\xb9, %d \xe4\xb8\x89\xe8\xa7\x92\xe5\xbd\xa2, %d \xe3\x83\x9c\xe3\x83\xbc\xe3\x83\xb3"},  // ModelInfo
    {"Skeleton: %s", "Skelett: %s", "\xe9\xaa\xa8\xe6\x9e\xb6\xef\xbc\x9a%s", "\xe3\x82\xb9\xe3\x82\xb1\xe3\x83\xab\xe3\x83\x88\xe3\x83\xb3: %s"},  // ModelSkeleton
    {"Open .glm...", ".glm \xc3\xb6" "ffnen...", "\xe6\x89\x93\xe5\xbc\x80 .glm\xe2\x80\xa6", ".glm \xe3\x82\x92\xe9\x96\x8b\xe3\x81\x8f\xe2\x80\xa6"},  // OpenGlm
    {"From .pk3...", "Aus .pk3...", "\xe4\xbb\x8e .pk3\xe2\x80\xa6", ".pk3 \xe3\x81\x8b\xe3\x82\x89\xe2\x80\xa6"},  // OpenGlmPk3
    {"Open .skin...", ".skin \xc3\xb6" "ffnen...", "\xe6\x89\x93\xe5\xbc\x80 .skin\xe2\x80\xa6", ".skin \xe3\x82\x92\xe9\x96\x8b\xe3\x81\x8f\xe2\x80\xa6"},  // OpenSkin
    {"Open map...", "Karte \xc3\xb6" "ffnen...", "\xe6\x89\x93\xe5\xbc\x80\xe5\x9c\xb0\xe5\x9b\xbe\xe2\x80\xa6", "\xe3\x83\x9e\xe3\x83\x83\xe3\x83\x97\xe3\x82\x92\xe9\x96\x8b\xe3\x81\x8f\xe2\x80\xa6"},  // OpenMapFile
    {"From .pk3...", "Aus .pk3...", "\xe4\xbb\x8e .pk3\xe2\x80\xa6", ".pk3 \xe3\x81\x8b\xe3\x82\x89\xe2\x80\xa6"},  // OpenMapPk3
    {"Open .ent...", ".ent \xc3\xb6" "ffnen...", "\xe6\x89\x93\xe5\xbc\x80 .ent\xe2\x80\xa6", ".ent \xe3\x82\x92\xe9\x96\x8b\xe3\x81\x8f\xe2\x80\xa6"},  // OpenEnt
    {"Load entities from a separate .ent file - it replaces the ones in the map", "Entities aus einer eigenen .ent-Datei laden - sie ersetzen die der Karte", "\xe4\xbb\x8e\xe5\x8d\x95\xe7\x8b\xac\xe7\x9a\x84 .ent \xe6\x96\x87\xe4\xbb\xb6\xe5\x8a\xa0\xe8\xbd\xbd\xe5\xae\x9e\xe4\xbd\x93 \xe2\x80\x94 \xe5\xb0\x86\xe6\x9b\xbf\xe6\x8d\xa2\xe5\x9c\xb0\xe5\x9b\xbe\xe4\xb8\xad\xe7\x9a\x84\xe5\xae\x9e\xe4\xbd\x93", "\xe5\x88\xa5\xe3\x81\xae .ent \xe3\x83\x95\xe3\x82\xa1\xe3\x82\xa4\xe3\x83\xab\xe3\x81\x8b\xe3\x82\x89\xe3\x82\xa8\xe3\x83\xb3\xe3\x83\x86\xe3\x82\xa3\xe3\x83\x86\xe3\x82\xa3\xe3\x82\x92\xe8\xaa\xad\xe3\x81\xbf\xe8\xbe\xbc\xe3\x81\xbf\xe3\x80\x81\xe3\x83\x9e\xe3\x83\x83\xe3\x83\x97\xe3\x81\xae\xe3\x82\x82\xe3\x81\xae\xe3\x82\x92\xe7\xbd\xae\xe3\x81\x8d\xe6\x8f\x9b\xe3\x81\x88\xe3\x81\xbe\xe3\x81\x99"},  // OpenEntHint
    {"%d entities from the .ent file", "%d Entities aus der .ent-Datei", "\xe6\x9d\xa5\xe8\x87\xaa .ent \xe6\x96\x87\xe4\xbb\xb6\xe7\x9a\x84 %d \xe4\xb8\xaa\xe5\xae\x9e\xe4\xbd\x93", ".ent \xe3\x83\x95\xe3\x82\xa1\xe3\x82\xa4\xe3\x83\xab\xe3\x81\x8b\xe3\x82\x89 %d \xe3\x82\xa8\xe3\x83\xb3\xe3\x83\x86\xe3\x82\xa3\xe3\x83\x86\xe3\x82\xa3"},  // EntLoaded
    {"No map loaded", "Keine Karte geladen", "\xe6\x9c\xaa\xe5\x8a\xa0\xe8\xbd\xbd\xe5\x9c\xb0\xe5\x9b\xbe", "\xe3\x83\x9e\xe3\x83\x83\xe3\x83\x97\xe3\x81\x8c\xe8\xaa\xad\xe3\x81\xbf\xe8\xbe\xbc\xe3\x81\xbe\xe3\x82\x8c\xe3\x81\xa6\xe3\x81\x84\xe3\x81\xbe\xe3\x81\x9b\xe3\x82\x93"},  // MapEmpty
    {"Load .gla...", ".gla laden...", "\xe5\x8a\xa0\xe8\xbd\xbd .gla\xe2\x80\xa6", ".gla \xe3\x82\x92\xe8\xaa\xad\xe3\x81\xbf\xe8\xbe\xbc\xe3\x82\x80\xe2\x80\xa6"},  // ModelLoadGla
    {"Play", "Abspielen", "\xe6\x92\xad\xe6\x94\xbe", "\xe5\x86\x8d\xe7\x94\x9f"},  // ModelPlay
    {"Stop", "Anhalten", "\xe5\x81\x9c\xe6\xad\xa2", "\xe5\x81\x9c\xe6\xad\xa2"},  // ModelStop
    {"Loop", "Wiederholen", "\xe5\xbe\xaa\xe7\x8e\xaf", "\xe3\x83\xab\xe3\x83\xbc\xe3\x83\x97"},  // ModelLoop
    {"Off follows the .cfg: walking loops, dying does not", "Aus folgt der .cfg: Gehen wiederholt sich, Sterben nicht", "\xe5\x85\xb3\xe9\x97\xad\xe6\x97\xb6\xe9\x81\xb5\xe5\xbe\xaa .cfg\xef\xbc\x9a\xe8\xa1\x8c\xe8\xb5\xb0\xe5\xbe\xaa\xe7\x8e\xaf\xef\xbc\x8c\xe6\xad\xbb\xe4\xba\xa1\xe4\xb8\x8d\xe5\xbe\xaa\xe7\x8e\xaf", "\xe3\x82\xaa\xe3\x83\x95\xe3\x81\xae\xe3\x81\xa8\xe3\x81\x8d\xe3\x81\xaf .cfg \xe3\x81\xab\xe5\xbe\x93\xe3\x81\x84\xe3\x81\xbe\xe3\x81\x99\xe3\x80\x82\xe6\xad\xa9\xe8\xa1\x8c\xe3\x81\xaf\xe3\x83\xab\xe3\x83\xbc\xe3\x83\x97\xe3\x81\x97\xe3\x80\x81\xe6\xad\xbb\xe4\xba\xa1\xe3\x81\xaf\xe3\x81\x97\xe3\x81\xbe\xe3\x81\x9b\xe3\x82\x93"},  // ModelLoopHint
    {"Model", "Modell", "\xe6\xa8\xa1\xe5\x9e\x8b", "\xe3\x83\xa2\xe3\x83\x87\xe3\x83\xab"},  // ViewMenuModel
    {"%.2f s of %.2f s", "%.2f s von %.2f s", "%.2f \xe7\xa7\x92 / %.2f \xe7\xa7\x92", "%.2f \xe7\xa7\x92 / %.2f \xe7\xa7\x92"},  // ModelSeconds
    {"Speed", "Tempo", "\xe9\x80\x9f\xe5\xba\xa6", "\xe9\x80\x9f\xe5\xba\xa6"},  // ModelSpeed
    {"Skin", "Haut", "\xe7\x9a\xae\xe8\x82\xa4", "\xe3\x82\xb9\xe3\x82\xad\xe3\x83\xb3"},  // ModelSkin
    {"A model often ships several skins - they decide which surfaces show", "Ein Modell bringt oft mehrere H\xc3\xa4ute mit - sie entscheiden, welche Fl\xc3\xa4" "chen sichtbar sind", "\xe6\xa8\xa1\xe5\x9e\x8b\xe9\x80\x9a\xe5\xb8\xb8\xe8\x87\xaa\xe5\xb8\xa6\xe5\xa4\x9a\xe4\xb8\xaa\xe7\x9a\xae\xe8\x82\xa4 \xe2\x80\x94 \xe5\xae\x83\xe4\xbb\xac\xe5\x86\xb3\xe5\xae\x9a\xe6\x98\xbe\xe7\xa4\xba\xe5\x93\xaa\xe4\xba\x9b\xe9\x9d\xa2", "\xe3\x83\xa2\xe3\x83\x87\xe3\x83\xab\xe3\x81\xab\xe3\x81\xaf\xe8\xa4\x87\xe6\x95\xb0\xe3\x81\xae\xe3\x82\xb9\xe3\x82\xad\xe3\x83\xb3\xe3\x81\x8c\xe5\x90\x8c\xe6\xa2\xb1\xe3\x81\x95\xe3\x82\x8c\xe3\x81\xa6\xe3\x81\x84\xe3\x82\x8b\xe3\x81\x93\xe3\x81\xa8\xe3\x81\x8c\xe5\xa4\x9a\xe3\x81\x8f\xe3\x80\x81\xe3\x81\xa9\xe3\x81\xae\xe9\x9d\xa2\xe3\x82\x92\xe8\xa1\xa8\xe7\xa4\xba\xe3\x81\x99\xe3\x82\x8b\xe3\x81\x8b\xe3\x82\x92\xe6\xb1\xba\xe3\x82\x81\xe3\x81\xbe\xe3\x81\x99"},  // ModelSkinHint
    {"Animation name copied: %s", "Name der Animation kopiert: %s", "\xe5\xb7\xb2\xe5\xa4\x8d\xe5\x88\xb6\xe5\x8a\xa8\xe7\x94\xbb\xe5\x90\x8d\xe7\xa7\xb0\xef\xbc\x9a%s", "\xe3\x82\xa2\xe3\x83\x8b\xe3\x83\xa1\xe3\x83\xbc\xe3\x82\xb7\xe3\x83\xa7\xe3\x83\xb3\xe5\x90\x8d\xe3\x82\x92\xe3\x82\xb3\xe3\x83\x94\xe3\x83\xbc\xe3\x81\x97\xe3\x81\xbe\xe3\x81\x97\xe3\x81\x9f: %s"},  // ModelAnimCopied
    {"%d of %d surfaces", "%d von %d Fl\xc3\xa4" "chen", "%d / %d \xe4\xb8\xaa\xe9\x9d\xa2", "%d / %d \xe3\x82\xb5\xe3\x83\xbc\xe3\x83\x95\xe3\x82\xa7\xe3\x82\xb9"},  // ModelSurfaces
    {"Textures", "Texturen", "\xe7\xba\xb9\xe7\x90\x86", "\xe3\x83\x86\xe3\x82\xaf\xe3\x82\xb9\xe3\x83\x81\xe3\x83\xa3"},  // ModelTextures
    {"%d of %d textures", "%d von %d Texturen", "%d / %d \xe4\xb8\xaa\xe7\xba\xb9\xe7\x90\x86", "%d / %d \xe3\x81\xae\xe3\x83\x86\xe3\x82\xaf\xe3\x82\xb9\xe3\x83\x81\xe3\x83\xa3"},  // ModelTexFound
    {"Frame %d of %d", "Bild %d von %d", "\xe7\xac\xac %d / %d \xe5\xb8\xa7", "\xe3\x83\x95\xe3\x83\xac\xe3\x83\xbc\xe3\x83\xa0 %d / %d"},  // ModelFrame
    {"%d animations, %d frames", "%d Animationen, %d Bilder", "%d \xe4\xb8\xaa\xe5\x8a\xa8\xe7\x94\xbb\xef\xbc\x8c%d \xe5\xb8\xa7", "%d \xe3\x82\xa2\xe3\x83\x8b\xe3\x83\xa1\xe3\x83\xbc\xe3\x82\xb7\xe3\x83\xa7\xe3\x83\xb3, %d \xe3\x83\x95\xe3\x83\xac\xe3\x83\xbc\xe3\x83\xa0"},  // ModelAnimCount
    {"No animation - that needs the .gla; the model is shown in its rest pose", "Keine Animation - daf\xc3\xbcr braucht es die .gla; das Modell steht in seiner Ruhelage", "\xe6\x97\xa0\xe5\x8a\xa8\xe7\x94\xbb \xe2\x80\x94 \xe9\x9c\x80\xe8\xa6\x81 .gla \xe6\x96\x87\xe4\xbb\xb6\xef\xbc\x9b\xe6\xa8\xa1\xe5\x9e\x8b\xe6\x98\xbe\xe7\xa4\xba\xe4\xb8\xba\xe9\x9d\x99\xe6\xad\xa2\xe5\xa7\xbf\xe5\x8a\xbf", "\xe3\x82\xa2\xe3\x83\x8b\xe3\x83\xa1\xe3\x83\xbc\xe3\x82\xb7\xe3\x83\xa7\xe3\x83\xb3\xe3\x81\xaa\xe3\x81\x97 \xe2\x80\x94 .gla \xe3\x81\x8c\xe5\xbf\x85\xe8\xa6\x81\xe3\x81\xa7\xe3\x81\x99\xe3\x80\x82\xe3\x83\xa2\xe3\x83\x87\xe3\x83\xab\xe3\x81\xaf\xe9\x9d\x99\xe6\xad\xa2\xe5\xa7\xbf\xe5\x8b\xa2\xe3\x81\xa7\xe8\xa1\xa8\xe7\xa4\xba\xe3\x81\x95\xe3\x82\x8c\xe3\x81\xbe\xe3\x81\x99"},  // ModelNoAnim
    {"Show caps", "Kappen zeigen", "\xe6\x98\xbe\xe7\xa4\xba\xe5\xb0\x81\xe7\x9b\x96", "\xe3\x82\xad\xe3\x83\xa3\xe3\x83\x83\xe3\x83\x97\xe3\x82\x92\xe8\xa1\xa8\xe7\xa4\xba"},  // ModelCaps
    {"Surfaces ending in _off are switched off by the default skin - they cap the holes where limbs attach", "Fl\xc3\xa4" "chen mit _off sind in der Vorgabehaut abgeschaltet - sie decken die L\xc3\xb6" "cher ab, an denen Gliedma\xc3\x9f" "en ansetzen", "\xe4\xbb\xa5 _off \xe7\xbb\x93\xe5\xb0\xbe\xe7\x9a\x84\xe9\x9d\xa2\xe5\x9c\xa8\xe9\xbb\x98\xe8\xae\xa4\xe7\x9a\xae\xe8\x82\xa4\xe4\xb8\xad\xe8\xa2\xab\xe5\x85\xb3\xe9\x97\xad \xe2\x80\x94 \xe5\xae\x83\xe4\xbb\xac\xe5\xb0\x81\xe4\xbd\x8f\xe8\x82\xa2\xe4\xbd\x93\xe8\xbf\x9e\xe6\x8e\xa5\xe5\xa4\x84\xe7\x9a\x84\xe5\xad\x94\xe6\xb4\x9e", "_off \xe3\x81\xa7\xe7\xb5\x82\xe3\x82\x8f\xe3\x82\x8b\xe9\x9d\xa2\xe3\x81\xaf\xe6\x97\xa2\xe5\xae\x9a\xe3\x82\xb9\xe3\x82\xad\xe3\x83\xb3\xe3\x81\xa7\xe3\x81\xaf\xe7\x84\xa1\xe5\x8a\xb9\xe3\x81\xa7\xe3\x81\x99\xe3\x80\x82\xe6\x89\x8b\xe8\xb6\xb3\xe3\x81\xae\xe6\x8e\xa5\xe5\x90\x88\xe9\x83\xa8\xe3\x81\xae\xe7\xa9\xb4\xe3\x82\x92\xe5\xa1\x9e\xe3\x81\x8e\xe3\x81\xbe\xe3\x81\x99"},  // ModelCapsHint
    {"Brightness", "Helligkeit", "\xe4\xba\xae\xe5\xba\xa6", "\xe6\x98\x8e\xe3\x82\x8b\xe3\x81\x95"},  // MapBrightness
    {"Ambient", "Grundlicht", "\xe7\x8e\xaf\xe5\xa2\x83\xe5\x85\x89", "\xe7\x92\xb0\xe5\xa2\x83\xe5\x85\x89"},  // MapMinLight
    {"Lifts the darkest areas so you can navigate - 0 is exactly like the game", "Hebt die dunkelsten Stellen an, damit man sich zurechtfindet - 0 ist genau wie im Spiel", "\xe6\x8f\x90\xe5\x8d\x87\xe6\x9c\x80\xe6\x9a\x97\xe5\x8c\xba\xe5\x9f\x9f\xe4\xbb\xa5\xe4\xbe\xbf\xe5\xaf\xbc\xe8\x88\xaa \xe2\x80\x94 0 \xe4\xb8\x8e\xe6\xb8\xb8\xe6\x88\x8f\xe5\xae\x8c\xe5\x85\xa8\xe4\xb8\x80\xe8\x87\xb4", "\xe6\x9c\x80\xe3\x82\x82\xe6\x9a\x97\xe3\x81\x84\xe5\xa0\xb4\xe6\x89\x80\xe3\x82\x92\xe6\x98\x8e\xe3\x82\x8b\xe3\x81\x8f\xe3\x81\x97\xe3\x81\xbe\xe3\x81\x99\xe3\x80\x82" "0 \xe3\x81\xaf\xe3\x82\xb2\xe3\x83\xbc\xe3\x83\xa0\xe3\x81\xa8\xe5\x90\x8c\xe3\x81\x98\xe3\x81\xa7\xe3\x81\x99"},  // MapMinLightHint
    {"%.0f fps", "%.0f Bilder/s", "%.0f \xe5\xb8\xa7/\xe7\xa7\x92", "%.0f fps"},  // MapFps
    {"%.2f ms per frame", "%.2f ms je Bild", "\xe6\xaf\x8f\xe5\xb8\xa7 %.2f \xe6\xaf\xab\xe7\xa7\x92", "1 \xe3\x83\x95\xe3\x83\xac\xe3\x83\xbc\xe3\x83\xa0 %.2f ms"},  // MapFrameMs
    {"Detail", "Feinheit", "\xe7\xbb\x86\xe8\x8a\x82", "\xe7\xb4\xb0\xe3\x81\x8b\xe3\x81\x95"},  // MapDetail
    {"%d triangles, %d draw calls", "%d Dreiecke, %d Zeichenaufrufe", "%d \xe4\xb8\xaa\xe4\xb8\x89\xe8\xa7\x92\xe5\xbd\xa2\xef\xbc\x8c%d \xe6\xac\xa1\xe7\xbb\x98\xe5\x88\xb6\xe8\xb0\x83\xe7\x94\xa8", "%d \xe4\xb8\x89\xe8\xa7\x92\xe5\xbd\xa2, %d \xe6\x8f\x8f\xe7\x94\xbb\xe5\x91\xbc\xe3\x81\xb3\xe5\x87\xba\xe3\x81\x97"},  // MapTriangles
    {"Edit...", "Bearbeiten...", "\xe7\xbc\x96\xe8\xbe\x91\xe2\x80\xa6", "\xe7\xb7\xa8\xe9\x9b\x86\xe2\x80\xa6"},  // ActEdit
    {"Macros", "Makros", "\xe5\xae\x8f", "\xe3\x83\x9e\xe3\x82\xaf\xe3\x83\xad"},  // MsgMacros
    {"Reset the fields below to the defaults of the current selection", "Die Felder darunter auf die Vorgabewerte der aktuellen Auswahl zur\xc3\xbc" "cksetzen", "\xe5\xb0\x86\xe4\xb8\x8b\xe6\x96\xb9\xe5\xad\x97\xe6\xae\xb5\xe9\x87\x8d\xe7\xbd\xae\xe4\xb8\xba\xe5\xbd\x93\xe5\x89\x8d\xe9\x80\x89\xe6\x8b\xa9\xe7\x9a\x84\xe9\xbb\x98\xe8\xae\xa4\xe5\x80\xbc", "\xe4\xb8\x8b\xe3\x81\xae\xe9\xa0\x85\xe7\x9b\xae\xe3\x82\x92\xe7\x8f\xbe\xe5\x9c\xa8\xe3\x81\xae\xe9\x81\xb8\xe6\x8a\x9e\xe3\x81\xae\xe6\x97\xa2\xe5\xae\x9a\xe5\x80\xa4\xe3\x81\xab\xe6\x88\xbb\xe3\x81\x97\xe3\x81\xbe\xe3\x81\x99"},  // EditorReEvalHint
    {"Insert into block", "In den Block einf\xc3\xbcgen", "\xe6\x8f\x92\xe5\x85\xa5\xe5\x88\xb0\xe5\x9d\x97\xe4\xb8\xad", "\xe3\x83\x96\xe3\x83\xad\xe3\x83\x83\xe3\x82\xaf\xe3\x81\xab\xe6\x8c\xbf\xe5\x85\xa5"},  // InsertInto
    {"Insert after", "Dahinter einf\xc3\xbcgen", "\xe5\x9c\xa8\xe5\x85\xb6\xe5\x90\x8e\xe6\x8f\x92\xe5\x85\xa5", "\xe5\xbe\x8c\xe3\x82\x8d\xe3\x81\xab\xe6\x8c\xbf\xe5\x85\xa5"},  // InsertAfter
    {"%d selected", "%d ausgew\xc3\xa4hlt", "\xe5\xb7\xb2\xe9\x80\x89\xe6\x8b\xa9 %d \xe4\xb8\xaa", "%d \xe4\xbb\xb6\xe3\x82\x92\xe9\x81\xb8\xe6\x8a\x9e"},  // MsgSelected
};

static_assert(sizeof(kTable) / sizeof(kTable[0]) == static_cast<std::size_t>(Str::Count),
              "Die Texttabelle passt nicht zur Aufzaehlung Str. "
              "Beide werden von tools/gen_i18n.py erzeugt - dort aendern.");

Language g_language = Language::English;

}  // namespace

const char* trIn(Language language, Str id) {
    const std::size_t index = static_cast<std::size_t>(id);
    if (index >= static_cast<std::size_t>(Str::Count)) {
        return "";
    }
    const Entry& e = kTable[index];
    switch (language) {
        case Language::German: return e.de;
        case Language::ChineseSimplified: return e.zh;
        case Language::Japanese: return e.ja;
        default: return e.en;
    }
}

const char* tr(Str id) { return trIn(g_language, id); }

Language currentLanguage() { return g_language; }
void setLanguage(Language language) { g_language = language; }

const std::vector<LanguageInfo>& languages() {
    // ImGui 1.92 laedt Glyphen bei Bedarf nach; Glyphbereiche muessen nicht
    // mehr vorgegeben werden. needsCjkFont sagt nur noch, ob ueberhaupt eine
    // Schrift mit CJK-Zeichen gebraucht wird.
    static const std::vector<LanguageInfo> kLanguages = {
        {Language::English, "en", "English", false},
        {Language::German, "de", "Deutsch", false},
        {Language::ChineseSimplified, "zh-Hans", "\u4e2d\u6587", true},
        {Language::Japanese, "ja", "\u65e5\u672c\u8a9e", true},
    };
    return kLanguages;
}

const LanguageInfo* findLanguage(const std::string& code) {
    for (const auto& l : languages()) {
        if (code == l.code) {
            return &l;
        }
    }
    return nullptr;
}

Language fromSystemLocale(const std::string& locale) {
    // Nur das Praefix vergleichen: "de-DE", "de-AT" und "de" sind alle
    // Deutsch. Chinesisch braucht mehr Sorgfalt - zh-Hant (Taiwan, Hongkong)
    // ist nicht dasselbe wie zh-Hans, und wir haben nur Vereinfachtes. Fuer
    // zh-Hant bleibt Englisch die bessere Wahl als falsche Zeichen.
    auto startsWith = [&](const char* prefix) {
        std::size_t n = 0;
        while (prefix[n] != 0) {
            ++n;
        }
        return locale.size() >= n && locale.compare(0, n, prefix) == 0;
    };

    if (startsWith("de")) { return Language::German; }
    if (startsWith("ja")) { return Language::Japanese; }
    if (startsWith("zh-Hant") || startsWith("zh-TW") || startsWith("zh-HK") ||
        startsWith("zh-MO")) {
        return Language::English;
    }
    if (startsWith("zh")) { return Language::ChineseSimplified; }
    return Language::English;
}

}  // namespace bhed::i18n
